0,1,{'weight': 1}
0,2,{'weight': 2}
0,3,{'weight': 1}
0,4,{'weight': 2}
0,5,{'weight': 1}
0,6,{'weight': 6}
0,7,{'weight': 6}
0,8,{'weight': 1}
0,9,{'weight': 4}
1,10,{'weight': 1}
1,115,{'weight': 1}
1,12,{'weight': 2}
1,84,{'weight': 3}
1,129,{'weight': 1}
1,7,{'weight': 2}
1,130,{'weight': 12}
1,131,{'weight': 1}
1,72,{'weight': 2}
1,74,{'weight': 1}
2,67,{'weight': 1}
2,151,{'weight': 1}
2,152,{'weight': 4}
2,153,{'weight': 9}
2,154,{'weight': 3}
2,155,{'weight': 2}
2,156,{'weight': 2}
2,157,{'weight': 4}
2,158,{'weight': 2}
2,12,{'weight': 3}
2,86,{'weight': 2}
2,118,{'weight': 2}
2,4,{'weight': 4}
2,159,{'weight': 4}
2,160,{'weight': 4}
2,161,{'weight': 9}
2,162,{'weight': 12}
2,163,{'weight': 9}
2,164,{'weight': 2}
2,165,{'weight': 7}
2,166,{'weight': 14}
2,167,{'weight': 5}
2,168,{'weight': 2}
2,169,{'weight': 2}
2,184,{'weight': 5}
2,185,{'weight': 2}
2,125,{'weight': 28}
2,8,{'weight': 1}
2,173,{'weight': 1}
2,186,{'weight': 2}
2,175,{'weight': 10}
2,176,{'weight': 14}
2,177,{'weight': 2}
2,178,{'weight': 3}
2,179,{'weight': 4}
2,180,{'weight': 4}
2,181,{'weight': 6}
2,182,{'weight': 4}
2,183,{'weight': 2}
3,151,{'weight': 5}
3,154,{'weight': 2}
3,155,{'weight': 1}
3,12,{'weight': 44}
3,117,{'weight': 1}
3,159,{'weight': 12}
3,160,{'weight': 6}
3,161,{'weight': 4}
3,162,{'weight': 1}
3,168,{'weight': 2}
3,195,{'weight': 1}
3,125,{'weight': 1}
3,173,{'weight': 8}
3,186,{'weight': 17}
3,196,{'weight': 6}
3,178,{'weight': 2}
3,179,{'weight': 5}
3,180,{'weight': 1}
3,182,{'weight': 1}
3,197,{'weight': 1}
3,189,{'weight': 1}
4,151,{'weight': 5}
4,154,{'weight': 2}
4,155,{'weight': 1}
4,2,{'weight': 44}
4,118,{'weight': 1}
4,159,{'weight': 12}
4,160,{'weight': 6}
4,161,{'weight': 4}
4,162,{'weight': 1}
4,168,{'weight': 2}
4,195,{'weight': 1}
4,172,{'weight': 1}
4,173,{'weight': 8}
4,174,{'weight': 17}
4,196,{'weight': 6}
4,178,{'weight': 2}
4,179,{'weight': 5}
4,180,{'weight': 1}
4,182,{'weight': 1}
4,197,{'weight': 1}
4,189,{'weight': 1}
5,10,{'weight': 1}
5,11,{'weight': 1}
5,12,{'weight': 3}
5,3,{'weight': 4}
5,13,{'weight': 4}
5,14,{'weight': 4}
5,8,{'weight': 7}
6,27,{'weight': 1}
6,50,{'weight': 1}
6,34,{'weight': 2}
6,23,{'weight': 12}
6,35,{'weight': 8}
6,47,{'weight': 5}
6,48,{'weight': 7}
6,43,{'weight': 4}
6,46,{'weight': 9}
6,72,{'weight': 1}
6,88,{'weight': 1}
6,94,{'weight': 1}
6,25,{'weight': 1}
6,73,{'weight': 6}
6,74,{'weight': 10}
6,77,{'weight': 13}
6,75,{'weight': 7}
7,1,{'weight': 1}
7,2,{'weight': 2}
7,3,{'weight': 4}
7,6,{'weight': 2}
7,59,{'weight': 1}
7,73,{'weight': 1}
8,102,{'weight': 2}
8,108,{'weight': 1}
8,235,{'weight': 1}
8,3,{'weight': 1}
8,4,{'weight': 2}
8,213,{'weight': 1}
8,5,{'weight': 2}
8,193,{'weight': 1}
8,14,{'weight': 1}
8,103,{'weight': 2}
8,214,{'weight': 1}
8,36,{'weight': 3}
9,108,{'weight': 2}
9,236,{'weight': 1}
9,4,{'weight': 2}
9,213,{'weight': 4}
9,218,{'weight': 1}
9,5,{'weight': 1}
9,7,{'weight': 1}
9,103,{'weight': 1}
9,24,{'weight': 4}
10,102,{'weight': 13}
10,208,{'weight': 3}
10,138,{'weight': 1}
10,124,{'weight': 1}
10,142,{'weight': 1}
10,13,{'weight': 5}
10,14,{'weight': 5}
11,12,{'weight': 2}
11,118,{'weight': 1}
11,3,{'weight': 4}
11,13,{'weight': 6}
11,14,{'weight': 9}
12,16,{'weight': 1}
12,151,{'weight': 1}
12,152,{'weight': 4}
12,153,{'weight': 9}
12,154,{'weight': 3}
12,155,{'weight': 2}
12,156,{'weight': 2}
12,157,{'weight': 4}
12,158,{'weight': 2}
12,2,{'weight': 3}
12,84,{'weight': 2}
12,117,{'weight': 2}
12,3,{'weight': 4}
12,159,{'weight': 4}
12,160,{'weight': 4}
12,161,{'weight': 9}
12,162,{'weight': 12}
12,163,{'weight': 9}
12,164,{'weight': 2}
12,165,{'weight': 7}
12,166,{'weight': 14}
12,167,{'weight': 5}
12,168,{'weight': 2}
12,169,{'weight': 2}
12,170,{'weight': 5}
12,171,{'weight': 2}
12,172,{'weight': 28}
12,173,{'weight': 1}
12,174,{'weight': 2}
12,175,{'weight': 10}
12,176,{'weight': 14}
12,177,{'weight': 2}
12,178,{'weight': 3}
12,179,{'weight': 4}
12,180,{'weight': 4}
12,181,{'weight': 6}
12,182,{'weight': 4}
12,183,{'weight': 2}
13,6,{'weight': 1}
13,34,{'weight': 2}
13,209,{'weight': 3}
13,23,{'weight': 10}
13,35,{'weight': 6}
13,47,{'weight': 6}
13,48,{'weight': 5}
13,43,{'weight': 7}
13,46,{'weight': 10}
13,88,{'weight': 1}
13,73,{'weight': 9}
13,74,{'weight': 8}
13,77,{'weight': 3}
13,75,{'weight': 12}
14,114,{'weight': 1}
14,11,{'weight': 1}
14,12,{'weight': 1}
14,86,{'weight': 1}
14,118,{'weight': 1}
14,3,{'weight': 2}
14,4,{'weight': 5}
14,13,{'weight': 3}
14,75,{'weight': 2}
15,16,{'weight': 1}
15,4,{'weight': 3}
15,17,{'weight': 2}
15,18,{'weight': 4}
15,19,{'weight': 5}
15,20,{'weight': 6}
15,21,{'weight': 4}
15,22,{'weight': 1}
15,23,{'weight': 3}
15,24,{'weight': 1}
15,25,{'weight': 2}
15,26,{'weight': 2}
16,113,{'weight': 5}
16,1,{'weight': 6}
16,114,{'weight': 1}
16,92,{'weight': 1}
16,115,{'weight': 3}
16,116,{'weight': 2}
16,12,{'weight': 2}
16,2,{'weight': 4}
16,84,{'weight': 1}
16,117,{'weight': 1}
16,118,{'weight': 4}
16,119,{'weight': 1}
16,98,{'weight': 2}
16,120,{'weight': 2}
16,19,{'weight': 1}
16,22,{'weight': 1}
16,73,{'weight': 2}
17,41,{'weight': 1}
17,22,{'weight': 7}
17,23,{'weight': 11}
17,53,{'weight': 1}
17,44,{'weight': 10}
18,4,{'weight': 19}
18,71,{'weight': 2}
18,15,{'weight': 2}
18,17,{'weight': 1}
18,14,{'weight': 7}
18,23,{'weight': 7}
18,35,{'weight': 1}
18,47,{'weight': 2}
18,43,{'weight': 1}
18,51,{'weight': 2}
18,72,{'weight': 1}
18,73,{'weight': 3}
18,74,{'weight': 4}
18,75,{'weight': 4}
18,76,{'weight': 1}
19,17,{'weight': 2}
19,70,{'weight': 1}
19,20,{'weight': 1}
19,59,{'weight': 2}
19,22,{'weight': 2}
19,46,{'weight': 4}
19,80,{'weight': 3}
20,12,{'weight': 5}
20,2,{'weight': 6}
20,132,{'weight': 1}
20,130,{'weight': 2}
20,209,{'weight': 1}
20,210,{'weight': 1}
20,89,{'weight': 2}
20,73,{'weight': 3}
20,74,{'weight': 4}
20,75,{'weight': 1}
21,106,{'weight': 1}
21,12,{'weight': 5}
21,2,{'weight': 3}
21,85,{'weight': 1}
21,73,{'weight': 2}
21,74,{'weight': 3}
21,77,{'weight': 2}
21,75,{'weight': 1}
22,55,{'weight': 2}
23,46,{'weight': 7}
23,44,{'weight': 8}
24,48,{'weight': 1}
24,44,{'weight': 8}
25,190,{'weight': 1}
26,22,{'weight': 3}
26,51,{'weight': 1}
26,49,{'weight': 1}
26,64,{'weight': 2}
26,44,{'weight': 9}
27,28,{'weight': 1}
27,3,{'weight': 4}
27,29,{'weight': 2}
27,30,{'weight': 1}
27,31,{'weight': 5}
27,32,{'weight': 3}
27,20,{'weight': 2}
27,21,{'weight': 4}
27,33,{'weight': 1}
27,34,{'weight': 1}
27,35,{'weight': 2}
27,36,{'weight': 2}
27,37,{'weight': 2}
27,38,{'weight': 1}
27,39,{'weight': 1}
28,122,{'weight': 10}
28,114,{'weight': 2}
29,50,{'weight': 1}
29,30,{'weight': 1}
29,33,{'weight': 8}
29,35,{'weight': 11}
29,44,{'weight': 10}
30,29,{'weight': 5}
30,32,{'weight': 2}
30,6,{'weight': 2}
30,59,{'weight': 4}
30,33,{'weight': 14}
30,51,{'weight': 3}
30,49,{'weight': 2}
30,64,{'weight': 3}
30,38,{'weight': 3}
30,52,{'weight': 1}
31,3,{'weight': 14}
31,4,{'weight': 1}
31,58,{'weight': 2}
31,27,{'weight': 6}
31,45,{'weight': 3}
31,29,{'weight': 1}
31,66,{'weight': 1}
31,7,{'weight': 10}
31,35,{'weight': 10}
31,47,{'weight': 2}
31,48,{'weight': 1}
31,46,{'weight': 3}
31,49,{'weight': 2}
31,73,{'weight': 1}
31,74,{'weight': 1}
31,77,{'weight': 3}
31,75,{'weight': 3}
32,29,{'weight': 1}
32,30,{'weight': 1}
32,21,{'weight': 1}
32,59,{'weight': 1}
32,33,{'weight': 1}
32,43,{'weight': 3}
32,49,{'weight': 1}
32,81,{'weight': 3}
33,68,{'weight': 2}
34,13,{'weight': 1}
34,6,{'weight': 1}
34,47,{'weight': 2}
34,43,{'weight': 1}
34,72,{'weight': 3}
34,37,{'weight': 3}
34,112,{'weight': 1}
34,74,{'weight': 1}
34,44,{'weight': 4}
35,43,{'weight': 10}
35,44,{'weight': 10}
36,49,{'weight': 1}
36,93,{'weight': 1}
36,44,{'weight': 7}
37,190,{'weight': 1}
38,50,{'weight': 1}
38,33,{'weight': 4}
38,43,{'weight': 1}
38,49,{'weight': 2}
38,64,{'weight': 2}
38,44,{'weight': 9}
40,41,{'weight': 1}
40,42,{'weight': 1}
40,22,{'weight': 3}
40,43,{'weight': 6}
40,44,{'weight': 4}
41,4,{'weight': 2}
41,40,{'weight': 1}
41,23,{'weight': 3}
41,47,{'weight': 1}
41,48,{'weight': 3}
41,43,{'weight': 4}
41,46,{'weight': 2}
41,49,{'weight': 1}
41,44,{'weight': 10}
42,84,{'weight': 4}
42,86,{'weight': 3}
42,119,{'weight': 2}
42,98,{'weight': 2}
42,218,{'weight': 1}
42,167,{'weight': 1}
42,232,{'weight': 1}
42,168,{'weight': 1}
42,137,{'weight': 1}
42,40,{'weight': 1}
42,45,{'weight': 1}
42,17,{'weight': 1}
42,29,{'weight': 1}
42,185,{'weight': 1}
42,172,{'weight': 1}
42,22,{'weight': 4}
42,33,{'weight': 3}
42,173,{'weight': 1}
43,6,{'weight': 1}
43,23,{'weight': 1}
43,35,{'weight': 6}
43,44,{'weight': 7}
45,33,{'weight': 7}
45,46,{'weight': 8}
45,44,{'weight': 8}
46,23,{'weight': 10}
46,79,{'weight': 1}
46,44,{'weight': 9}
47,31,{'weight': 1}
47,13,{'weight': 5}
47,6,{'weight': 3}
47,35,{'weight': 1}
47,48,{'weight': 2}
47,214,{'weight': 1}
47,44,{'weight': 11}
48,213,{'weight': 1}
48,13,{'weight': 5}
48,6,{'weight': 7}
48,23,{'weight': 1}
48,47,{'weight': 1}
48,44,{'weight': 4}
49,44,{'weight': 14}
50,3,{'weight': 1}
50,45,{'weight': 1}
50,23,{'weight': 3}
50,35,{'weight': 4}
50,47,{'weight': 4}
50,48,{'weight': 1}
50,43,{'weight': 1}
50,46,{'weight': 4}
50,51,{'weight': 2}
50,52,{'weight': 1}
50,44,{'weight': 12}
51,44,{'weight': 11}
52,99,{'weight': 4}
52,84,{'weight': 1}
52,86,{'weight': 1}
52,4,{'weight': 1}
52,32,{'weight': 1}
52,6,{'weight': 4}
52,21,{'weight': 1}
52,9,{'weight': 2}
52,33,{'weight': 3}
52,48,{'weight': 1}
52,37,{'weight': 1}
53,86,{'weight': 1}
53,4,{'weight': 5}
53,17,{'weight': 1}
53,13,{'weight': 1}
53,14,{'weight': 2}
53,59,{'weight': 1}
53,90,{'weight': 1}
53,23,{'weight': 4}
53,46,{'weight': 2}
53,78,{'weight': 1}
53,75,{'weight': 4}
54,11,{'weight': 1}
54,40,{'weight': 7}
54,55,{'weight': 2}
54,14,{'weight': 1}
54,22,{'weight': 9}
54,51,{'weight': 4}
54,49,{'weight': 4}
54,56,{'weight': 3}
55,21,{'weight': 1}
55,35,{'weight': 4}
55,78,{'weight': 3}
56,40,{'weight': 2}
56,22,{'weight': 3}
56,35,{'weight': 1}
56,51,{'weight': 1}
56,44,{'weight': 6}
57,58,{'weight': 1}
57,45,{'weight': 7}
57,21,{'weight': 1}
57,59,{'weight': 1}
57,33,{'weight': 12}
57,60,{'weight': 1}
57,51,{'weight': 3}
57,49,{'weight': 2}
57,61,{'weight': 3}
58,3,{'weight': 5}
58,95,{'weight': 1}
58,45,{'weight': 5}
58,50,{'weight': 1}
58,31,{'weight': 6}
58,68,{'weight': 5}
58,7,{'weight': 1}
58,20,{'weight': 4}
58,21,{'weight': 2}
58,23,{'weight': 1}
58,46,{'weight': 2}
58,87,{'weight': 1}
58,24,{'weight': 4}
58,88,{'weight': 1}
58,85,{'weight': 1}
58,61,{'weight': 1}
58,69,{'weight': 2}
58,82,{'weight': 1}
59,105,{'weight': 1}
59,102,{'weight': 5}
59,108,{'weight': 4}
59,99,{'weight': 1}
59,5,{'weight': 1}
59,71,{'weight': 1}
59,58,{'weight': 1}
59,15,{'weight': 1}
59,27,{'weight': 2}
59,66,{'weight': 1}
59,55,{'weight': 3}
59,68,{'weight': 3}
59,19,{'weight': 3}
59,32,{'weight': 7}
59,13,{'weight': 12}
59,6,{'weight': 9}
59,14,{'weight': 5}
59,7,{'weight': 4}
59,22,{'weight': 5}
59,33,{'weight': 5}
59,49,{'weight': 1}
59,64,{'weight': 1}
59,91,{'weight': 1}
59,39,{'weight': 1}
60,14,{'weight': 1}
60,7,{'weight': 1}
60,44,{'weight': 10}
61,33,{'weight': 3}
61,46,{'weight': 1}
61,60,{'weight': 1}
61,49,{'weight': 1}
61,82,{'weight': 1}
61,44,{'weight': 6}
62,63,{'weight': 2}
62,3,{'weight': 1}
62,41,{'weight': 1}
62,55,{'weight': 6}
62,19,{'weight': 8}
62,20,{'weight': 1}
62,59,{'weight': 9}
62,47,{'weight': 3}
62,48,{'weight': 1}
62,49,{'weight': 2}
62,64,{'weight': 2}
62,65,{'weight': 2}
63,101,{'weight': 1}
63,12,{'weight': 2}
63,2,{'weight': 3}
63,3,{'weight': 1}
63,225,{'weight': 1}
63,71,{'weight': 1}
63,129,{'weight': 2}
63,41,{'weight': 1}
63,62,{'weight': 2}
63,18,{'weight': 2}
63,13,{'weight': 1}
63,215,{'weight': 1}
63,8,{'weight': 5}
63,9,{'weight': 6}
63,59,{'weight': 2}
63,34,{'weight': 1}
63,209,{'weight': 1}
63,47,{'weight': 2}
63,93,{'weight': 3}
63,24,{'weight': 1}
63,94,{'weight': 1}
63,81,{'weight': 1}
63,85,{'weight': 1}
63,83,{'weight': 1}
64,74,{'weight': 1}
64,44,{'weight': 5}
65,11,{'weight': 7}
65,84,{'weight': 2}
65,3,{'weight': 3}
65,98,{'weight': 2}
65,13,{'weight': 8}
65,20,{'weight': 1}
65,8,{'weight': 2}
66,67,{'weight': 2}
66,50,{'weight': 1}
66,31,{'weight': 2}
66,68,{'weight': 1}
66,32,{'weight': 7}
66,59,{'weight': 5}
66,47,{'weight': 1}
66,51,{'weight': 2}
66,64,{'weight': 1}
66,38,{'weight': 1}
66,69,{'weight': 1}
67,106,{'weight': 1}
67,63,{'weight': 2}
67,12,{'weight': 5}
67,2,{'weight': 1}
67,118,{'weight': 1}
67,4,{'weight': 1}
67,98,{'weight': 1}
67,218,{'weight': 1}
67,58,{'weight': 1}
67,129,{'weight': 1}
67,224,{'weight': 2}
67,31,{'weight': 2}
67,8,{'weight': 7}
67,9,{'weight': 4}
67,59,{'weight': 1}
67,48,{'weight': 2}
67,87,{'weight': 2}
67,212,{'weight': 1}
68,20,{'weight': 1}
68,21,{'weight': 1}
68,23,{'weight': 3}
68,36,{'weight': 1}
68,79,{'weight': 2}
69,86,{'weight': 1}
69,58,{'weight': 1}
69,50,{'weight': 3}
69,66,{'weight': 1}
69,21,{'weight': 1}
69,47,{'weight': 1}
69,48,{'weight': 1}
69,87,{'weight': 1}
69,88,{'weight': 1}
69,37,{'weight': 1}
69,89,{'weight': 1}
69,52,{'weight': 7}
70,5,{'weight': 1}
70,17,{'weight': 6}
70,19,{'weight': 1}
70,13,{'weight': 1}
70,59,{'weight': 2}
70,22,{'weight': 11}
70,51,{'weight': 2}
70,49,{'weight': 5}
70,64,{'weight': 1}
70,26,{'weight': 4}
71,4,{'weight': 5}
71,40,{'weight': 4}
71,41,{'weight': 1}
71,18,{'weight': 2}
71,55,{'weight': 6}
71,14,{'weight': 2}
71,20,{'weight': 1}
71,21,{'weight': 3}
71,22,{'weight': 2}
71,90,{'weight': 1}
71,43,{'weight': 3}
71,93,{'weight': 3}
71,36,{'weight': 4}
71,94,{'weight': 1}
71,89,{'weight': 1}
71,56,{'weight': 2}
71,83,{'weight': 2}
71,76,{'weight': 2}
72,114,{'weight': 1}
72,2,{'weight': 3}
72,18,{'weight': 1}
72,132,{'weight': 4}
72,130,{'weight': 5}
72,214,{'weight': 1}
72,93,{'weight': 1}
73,13,{'weight': 1}
73,6,{'weight': 1}
73,75,{'weight': 1}
73,44,{'weight': 3}
74,13,{'weight': 2}
74,6,{'weight': 1}
74,44,{'weight': 3}
75,13,{'weight': 8}
75,6,{'weight': 4}
75,209,{'weight': 1}
75,23,{'weight': 2}
75,73,{'weight': 2}
75,44,{'weight': 3}
76,4,{'weight': 3}
76,14,{'weight': 1}
76,35,{'weight': 4}
76,43,{'weight': 5}
76,73,{'weight': 1}
76,74,{'weight': 2}
77,42,{'weight': 1}
77,13,{'weight': 3}
77,6,{'weight': 7}
77,34,{'weight': 1}
77,35,{'weight': 1}
77,74,{'weight': 4}
77,44,{'weight': 2}
78,190,{'weight': 1}
79,190,{'weight': 1}
80,190,{'weight': 1}
81,190,{'weight': 1}
82,3,{'weight': 2}
82,4,{'weight': 2}
82,7,{'weight': 1}
82,23,{'weight': 2}
82,46,{'weight': 4}
82,73,{'weight': 4}
82,74,{'weight': 1}
83,84,{'weight': 1}
83,71,{'weight': 1}
83,41,{'weight': 1}
83,21,{'weight': 1}
83,35,{'weight': 1}
83,25,{'weight': 1}
83,85,{'weight': 1}
83,65,{'weight': 4}
84,151,{'weight': 1}
84,152,{'weight': 2}
84,155,{'weight': 2}
84,156,{'weight': 2}
84,157,{'weight': 1}
84,158,{'weight': 2}
84,2,{'weight': 25}
84,86,{'weight': 2}
84,118,{'weight': 3}
84,4,{'weight': 3}
84,187,{'weight': 1}
84,163,{'weight': 1}
84,142,{'weight': 1}
84,175,{'weight': 1}
84,180,{'weight': 1}
84,188,{'weight': 1}
84,189,{'weight': 1}
84,190,{'weight': 6}
85,12,{'weight': 1}
85,60,{'weight': 3}
85,211,{'weight': 2}
85,44,{'weight': 9}
86,151,{'weight': 1}
86,152,{'weight': 2}
86,155,{'weight': 2}
86,156,{'weight': 2}
86,157,{'weight': 1}
86,158,{'weight': 2}
86,12,{'weight': 25}
86,84,{'weight': 2}
86,117,{'weight': 3}
86,3,{'weight': 3}
86,187,{'weight': 1}
86,163,{'weight': 1}
86,191,{'weight': 1}
86,175,{'weight': 1}
86,180,{'weight': 1}
86,188,{'weight': 1}
86,189,{'weight': 1}
86,190,{'weight': 6}
87,106,{'weight': 1}
87,236,{'weight': 1}
87,109,{'weight': 1}
87,2,{'weight': 1}
87,86,{'weight': 1}
87,117,{'weight': 1}
87,4,{'weight': 3}
87,119,{'weight': 1}
87,103,{'weight': 1}
87,47,{'weight': 3}
87,48,{'weight': 3}
87,43,{'weight': 1}
87,46,{'weight': 4}
87,52,{'weight': 1}
87,44,{'weight': 3}
88,190,{'weight': 1}
89,2,{'weight': 1}
89,60,{'weight': 4}
89,212,{'weight': 2}
89,44,{'weight': 9}
90,3,{'weight': 8}
90,4,{'weight': 6}
90,213,{'weight': 1}
90,218,{'weight': 3}
90,187,{'weight': 2}
90,71,{'weight': 1}
90,58,{'weight': 2}
90,15,{'weight': 2}
90,27,{'weight': 1}
90,31,{'weight': 1}
90,14,{'weight': 3}
90,7,{'weight': 6}
90,132,{'weight': 2}
90,130,{'weight': 4}
90,23,{'weight': 1}
90,47,{'weight': 2}
90,48,{'weight': 5}
90,73,{'weight': 1}
90,74,{'weight': 1}
90,77,{'weight': 1}
90,75,{'weight': 1}
90,91,{'weight': 1}
91,12,{'weight': 1}
91,3,{'weight': 6}
91,29,{'weight': 1}
91,6,{'weight': 1}
91,7,{'weight': 1}
91,23,{'weight': 1}
91,35,{'weight': 4}
91,43,{'weight': 3}
91,78,{'weight': 1}
91,79,{'weight': 1}
91,77,{'weight': 3}
92,3,{'weight': 2}
92,4,{'weight': 2}
92,48,{'weight': 1}
92,39,{'weight': 2}
93,101,{'weight': 1}
93,114,{'weight': 1}
93,216,{'weight': 1}
93,235,{'weight': 1}
93,141,{'weight': 1}
93,12,{'weight': 1}
93,86,{'weight': 2}
93,3,{'weight': 2}
93,71,{'weight': 1}
93,47,{'weight': 1}
93,48,{'weight': 3}
93,43,{'weight': 4}
93,36,{'weight': 1}
93,25,{'weight': 1}
93,78,{'weight': 2}
93,104,{'weight': 2}
93,65,{'weight': 1}
93,44,{'weight': 5}
94,190,{'weight': 1}
95,63,{'weight': 1}
95,67,{'weight': 1}
95,240,{'weight': 1}
95,12,{'weight': 5}
95,198,{'weight': 1}
95,119,{'weight': 2}
95,142,{'weight': 7}
95,125,{'weight': 2}
95,172,{'weight': 2}
95,207,{'weight': 4}
95,204,{'weight': 1}
95,72,{'weight': 1}
95,241,{'weight': 1}
95,61,{'weight': 1}
96,97,{'weight': 1}
96,60,{'weight': 1}
96,44,{'weight': 1}
97,166,{'weight': 2}
97,227,{'weight': 1}
97,221,{'weight': 1}
97,44,{'weight': 29}
98,2,{'weight': 2}
98,84,{'weight': 4}
98,86,{'weight': 1}
98,118,{'weight': 4}
98,3,{'weight': 4}
98,202,{'weight': 1}
98,198,{'weight': 1}
98,119,{'weight': 1}
98,206,{'weight': 1}
98,191,{'weight': 1}
98,125,{'weight': 2}
98,172,{'weight': 4}
98,207,{'weight': 1}
98,145,{'weight': 1}
98,186,{'weight': 1}
99,107,{'weight': 1}
99,2,{'weight': 1}
99,4,{'weight': 3}
99,6,{'weight': 10}
99,7,{'weight': 12}
99,52,{'weight': 1}
100,101,{'weight': 1}
100,102,{'weight': 11}
100,11,{'weight': 3}
100,19,{'weight': 1}
100,13,{'weight': 12}
100,103,{'weight': 2}
100,104,{'weight': 2}
101,1,{'weight': 1}
101,114,{'weight': 2}
101,2,{'weight': 1}
101,84,{'weight': 4}
101,86,{'weight': 5}
101,3,{'weight': 1}
101,98,{'weight': 4}
101,224,{'weight': 1}
101,132,{'weight': 3}
101,22,{'weight': 1}
101,77,{'weight': 2}
102,100,{'weight': 2}
102,113,{'weight': 2}
102,1,{'weight': 4}
102,114,{'weight': 7}
102,135,{'weight': 1}
102,136,{'weight': 1}
102,4,{'weight': 4}
102,137,{'weight': 1}
102,13,{'weight': 7}
102,59,{'weight': 1}
102,132,{'weight': 3}
102,89,{'weight': 4}
102,104,{'weight': 7}
103,102,{'weight': 6}
103,108,{'weight': 5}
103,201,{'weight': 1}
103,11,{'weight': 1}
103,5,{'weight': 1}
103,137,{'weight': 3}
103,191,{'weight': 1}
103,13,{'weight': 6}
103,6,{'weight': 1}
103,65,{'weight': 5}
103,52,{'weight': 2}
104,222,{'weight': 1}
104,64,{'weight': 5}
104,131,{'weight': 3}
104,44,{'weight': 4}
105,106,{'weight': 1}
105,107,{'weight': 1}
105,108,{'weight': 8}
105,109,{'weight': 1}
105,99,{'weight': 3}
105,110,{'weight': 2}
105,111,{'weight': 1}
105,6,{'weight': 12}
105,9,{'weight': 2}
105,103,{'weight': 3}
105,89,{'weight': 1}
105,112,{'weight': 2}
105,52,{'weight': 1}
106,84,{'weight': 3}
106,86,{'weight': 4}
106,3,{'weight': 1}
106,119,{'weight': 3}
106,130,{'weight': 4}
106,33,{'weight': 1}
106,209,{'weight': 1}
106,75,{'weight': 2}
107,105,{'weight': 1}
107,108,{'weight': 6}
107,139,{'weight': 1}
107,191,{'weight': 1}
107,6,{'weight': 4}
107,7,{'weight': 4}
108,122,{'weight': 1}
108,1,{'weight': 9}
108,114,{'weight': 1}
108,3,{'weight': 4}
108,4,{'weight': 1}
108,137,{'weight': 2}
108,6,{'weight': 7}
108,130,{'weight': 4}
108,85,{'weight': 5}
108,112,{'weight': 3}
109,106,{'weight': 1}
109,105,{'weight': 2}
109,122,{'weight': 9}
109,114,{'weight': 3}
109,2,{'weight': 5}
109,86,{'weight': 3}
109,117,{'weight': 5}
109,118,{'weight': 1}
109,4,{'weight': 2}
109,142,{'weight': 1}
109,111,{'weight': 1}
109,6,{'weight': 2}
109,87,{'weight': 2}
110,105,{'weight': 4}
110,108,{'weight': 4}
110,28,{'weight': 1}
110,86,{'weight': 2}
110,6,{'weight': 1}
110,103,{'weight': 2}
110,112,{'weight': 1}
111,105,{'weight': 1}
111,201,{'weight': 1}
111,12,{'weight': 1}
111,2,{'weight': 2}
111,84,{'weight': 3}
111,86,{'weight': 7}
111,3,{'weight': 1}
111,198,{'weight': 3}
111,187,{'weight': 4}
111,233,{'weight': 1}
111,193,{'weight': 2}
111,125,{'weight': 5}
111,172,{'weight': 7}
111,145,{'weight': 1}
111,6,{'weight': 2}
111,9,{'weight': 1}
111,130,{'weight': 1}
111,190,{'weight': 3}
112,223,{'weight': 3}
112,64,{'weight': 3}
112,72,{'weight': 4}
112,44,{'weight': 4}
113,101,{'weight': 1}
113,1,{'weight': 11}
113,149,{'weight': 2}
113,102,{'weight': 2}
113,115,{'weight': 2}
113,140,{'weight': 1}
113,141,{'weight': 3}
113,124,{'weight': 1}
113,191,{'weight': 1}
113,215,{'weight': 1}
114,2,{'weight': 1}
114,86,{'weight': 3}
114,3,{'weight': 1}
114,13,{'weight': 1}
114,14,{'weight': 4}
114,132,{'weight': 14}
114,130,{'weight': 1}
114,131,{'weight': 1}
114,73,{'weight': 3}
114,133,{'weight': 1}
115,126,{'weight': 3}
115,128,{'weight': 1}
115,113,{'weight': 4}
115,122,{'weight': 3}
115,1,{'weight': 1}
115,114,{'weight': 7}
115,10,{'weight': 4}
115,107,{'weight': 12}
115,139,{'weight': 1}
115,138,{'weight': 1}
115,124,{'weight': 2}
116,100,{'weight': 3}
116,113,{'weight': 7}
116,1,{'weight': 5}
116,141,{'weight': 1}
116,12,{'weight': 2}
116,84,{'weight': 6}
116,117,{'weight': 2}
116,118,{'weight': 4}
116,13,{'weight': 4}
116,132,{'weight': 1}
116,22,{'weight': 1}
116,103,{'weight': 1}
117,151,{'weight': 1}
117,152,{'weight': 2}
117,153,{'weight': 2}
117,156,{'weight': 1}
117,157,{'weight': 1}
117,12,{'weight': 70}
117,84,{'weight': 1}
117,118,{'weight': 2}
117,159,{'weight': 3}
117,160,{'weight': 2}
117,161,{'weight': 6}
117,162,{'weight': 4}
117,163,{'weight': 3}
117,166,{'weight': 1}
117,167,{'weight': 1}
117,192,{'weight': 1}
117,193,{'weight': 1}
117,170,{'weight': 3}
117,194,{'weight': 1}
117,125,{'weight': 1}
117,173,{'weight': 3}
117,186,{'weight': 6}
117,176,{'weight': 1}
117,178,{'weight': 1}
117,179,{'weight': 3}
117,181,{'weight': 1}
117,182,{'weight': 2}
118,151,{'weight': 1}
118,152,{'weight': 2}
118,153,{'weight': 2}
118,156,{'weight': 1}
118,157,{'weight': 1}
118,2,{'weight': 70}
118,86,{'weight': 1}
118,117,{'weight': 2}
118,159,{'weight': 3}
118,160,{'weight': 2}
118,161,{'weight': 6}
118,162,{'weight': 4}
118,163,{'weight': 3}
118,166,{'weight': 1}
118,167,{'weight': 1}
118,192,{'weight': 1}
118,193,{'weight': 1}
118,184,{'weight': 3}
118,194,{'weight': 1}
118,172,{'weight': 1}
118,173,{'weight': 3}
118,174,{'weight': 6}
118,176,{'weight': 1}
118,178,{'weight': 1}
118,179,{'weight': 3}
118,181,{'weight': 1}
118,182,{'weight': 2}
119,12,{'weight': 2}
119,84,{'weight': 1}
119,86,{'weight': 5}
119,117,{'weight': 3}
119,4,{'weight': 4}
119,199,{'weight': 1}
119,123,{'weight': 1}
119,142,{'weight': 1}
119,125,{'weight': 1}
119,172,{'weight': 3}
119,204,{'weight': 2}
119,148,{'weight': 1}
119,205,{'weight': 1}
119,90,{'weight': 2}
119,174,{'weight': 1}
120,100,{'weight': 8}
120,114,{'weight': 1}
120,102,{'weight': 7}
120,84,{'weight': 1}
120,13,{'weight': 3}
120,85,{'weight': 1}
121,122,{'weight': 10}
121,114,{'weight': 11}
121,115,{'weight': 1}
121,109,{'weight': 3}
121,2,{'weight': 2}
121,84,{'weight': 1}
121,86,{'weight': 2}
121,117,{'weight': 5}
121,118,{'weight': 2}
121,123,{'weight': 1}
121,98,{'weight': 2}
121,124,{'weight': 3}
121,31,{'weight': 1}
121,125,{'weight': 2}
121,20,{'weight': 1}
121,21,{'weight': 1}
122,106,{'weight': 1}
122,121,{'weight': 1}
122,114,{'weight': 12}
122,108,{'weight': 1}
122,115,{'weight': 1}
122,139,{'weight': 1}
122,124,{'weight': 1}
122,205,{'weight': 2}
123,121,{'weight': 2}
123,201,{'weight': 1}
123,84,{'weight': 1}
123,118,{'weight': 1}
123,202,{'weight': 5}
123,198,{'weight': 2}
123,119,{'weight': 1}
123,98,{'weight': 2}
123,203,{'weight': 4}
123,145,{'weight': 2}
123,8,{'weight': 1}
123,103,{'weight': 3}
123,89,{'weight': 1}
123,104,{'weight': 1}
123,200,{'weight': 1}
124,121,{'weight': 1}
124,122,{'weight': 2}
124,1,{'weight': 1}
124,114,{'weight': 3}
124,10,{'weight': 4}
124,107,{'weight': 9}
124,138,{'weight': 2}
125,151,{'weight': 1}
125,154,{'weight': 2}
125,12,{'weight': 7}
125,2,{'weight': 9}
125,84,{'weight': 4}
125,86,{'weight': 16}
125,117,{'weight': 3}
125,118,{'weight': 6}
125,3,{'weight': 2}
125,4,{'weight': 1}
125,119,{'weight': 3}
125,187,{'weight': 1}
125,160,{'weight': 1}
125,232,{'weight': 4}
125,168,{'weight': 5}
125,192,{'weight': 7}
125,169,{'weight': 3}
125,253,{'weight': 4}
125,137,{'weight': 4}
125,184,{'weight': 1}
125,171,{'weight': 1}
125,172,{'weight': 3}
125,42,{'weight': 1}
125,256,{'weight': 1}
125,96,{'weight': 5}
125,90,{'weight': 2}
125,78,{'weight': 2}
125,254,{'weight': 1}
125,262,{'weight': 1}
125,263,{'weight': 4}
125,264,{'weight': 1}
125,265,{'weight': 5}
125,266,{'weight': 3}
125,267,{'weight': 2}
126,127,{'weight': 1}
126,10,{'weight': 7}
127,126,{'weight': 5}
127,113,{'weight': 2}
127,1,{'weight': 2}
127,115,{'weight': 3}
127,5,{'weight': 3}
127,14,{'weight': 1}
127,96,{'weight': 1}
127,39,{'weight': 1}
128,107,{'weight': 11}
128,115,{'weight': 1}
129,63,{'weight': 1}
129,67,{'weight': 2}
129,1,{'weight': 1}
129,114,{'weight': 2}
129,12,{'weight': 13}
129,2,{'weight': 18}
129,84,{'weight': 4}
129,86,{'weight': 5}
129,117,{'weight': 6}
129,118,{'weight': 14}
129,137,{'weight': 1}
129,224,{'weight': 1}
130,106,{'weight': 1}
130,1,{'weight': 4}
130,12,{'weight': 2}
130,84,{'weight': 2}
130,86,{'weight': 5}
130,119,{'weight': 1}
130,213,{'weight': 1}
130,7,{'weight': 1}
130,90,{'weight': 1}
130,47,{'weight': 2}
130,48,{'weight': 1}
130,210,{'weight': 2}
130,211,{'weight': 3}
130,212,{'weight': 3}
130,73,{'weight': 2}
130,74,{'weight': 3}
130,44,{'weight': 4}
131,1,{'weight': 1}
131,12,{'weight': 5}
131,132,{'weight': 3}
131,130,{'weight': 5}
131,93,{'weight': 1}
132,12,{'weight': 1}
132,84,{'weight': 2}
132,86,{'weight': 3}
132,14,{'weight': 1}
132,90,{'weight': 1}
132,47,{'weight': 1}
132,48,{'weight': 3}
132,210,{'weight': 1}
132,72,{'weight': 1}
132,211,{'weight': 3}
132,212,{'weight': 2}
132,74,{'weight': 5}
132,77,{'weight': 1}
132,44,{'weight': 4}
133,114,{'weight': 1}
133,219,{'weight': 1}
133,132,{'weight': 1}
133,214,{'weight': 2}
133,131,{'weight': 9}
133,72,{'weight': 4}
133,173,{'weight': 1}
133,196,{'weight': 3}
133,178,{'weight': 1}
133,179,{'weight': 1}
133,200,{'weight': 2}
133,197,{'weight': 1}
133,44,{'weight': 5}
134,128,{'weight': 5}
134,135,{'weight': 2}
134,28,{'weight': 1}
134,99,{'weight': 1}
134,0,{'weight': 3}
134,14,{'weight': 1}
134,7,{'weight': 2}
134,39,{'weight': 1}
135,105,{'weight': 1}
135,113,{'weight': 4}
135,1,{'weight': 7}
135,114,{'weight': 3}
135,10,{'weight': 12}
135,107,{'weight': 6}
135,138,{'weight': 4}
135,124,{'weight': 2}
135,6,{'weight': 1}
136,1,{'weight': 1}
136,10,{'weight': 2}
136,102,{'weight': 1}
136,135,{'weight': 1}
136,115,{'weight': 1}
136,141,{'weight': 2}
136,138,{'weight': 2}
136,124,{'weight': 2}
137,102,{'weight': 3}
137,201,{'weight': 3}
137,11,{'weight': 1}
137,99,{'weight': 1}
137,12,{'weight': 3}
137,84,{'weight': 1}
137,3,{'weight': 8}
137,4,{'weight': 6}
137,232,{'weight': 1}
137,168,{'weight': 3}
137,192,{'weight': 1}
137,169,{'weight': 1}
137,253,{'weight': 2}
137,185,{'weight': 2}
137,125,{'weight': 5}
137,42,{'weight': 2}
137,13,{'weight': 1}
137,6,{'weight': 2}
137,130,{'weight': 1}
137,103,{'weight': 1}
137,72,{'weight': 1}
137,211,{'weight': 1}
137,212,{'weight': 1}
137,89,{'weight': 3}
137,85,{'weight': 2}
137,104,{'weight': 3}
137,112,{'weight': 2}
137,177,{'weight': 1}
137,133,{'weight': 1}
137,254,{'weight': 2}
138,113,{'weight': 2}
138,122,{'weight': 4}
138,1,{'weight': 1}
138,114,{'weight': 1}
138,10,{'weight': 13}
138,12,{'weight': 1}
138,13,{'weight': 2}
139,105,{'weight': 3}
139,128,{'weight': 9}
139,107,{'weight': 2}
139,108,{'weight': 7}
139,135,{'weight': 1}
139,115,{'weight': 2}
139,110,{'weight': 2}
139,205,{'weight': 2}
139,103,{'weight': 1}
140,113,{'weight': 9}
140,1,{'weight': 3}
140,127,{'weight': 1}
140,141,{'weight': 1}
141,113,{'weight': 11}
141,1,{'weight': 3}
141,149,{'weight': 2}
141,144,{'weight': 1}
142,1,{'weight': 1}
142,114,{'weight': 1}
142,102,{'weight': 1}
142,108,{'weight': 1}
142,157,{'weight': 1}
142,116,{'weight': 2}
142,117,{'weight': 3}
142,202,{'weight': 2}
142,119,{'weight': 1}
142,120,{'weight': 1}
142,95,{'weight': 2}
142,163,{'weight': 2}
142,164,{'weight': 1}
142,169,{'weight': 1}
142,191,{'weight': 1}
142,204,{'weight': 2}
142,148,{'weight': 1}
142,205,{'weight': 3}
142,130,{'weight': 1}
142,87,{'weight': 1}
142,173,{'weight': 1}
142,186,{'weight': 3}
142,181,{'weight': 1}
142,182,{'weight': 1}
142,238,{'weight': 4}
142,245,{'weight': 2}
142,244,{'weight': 5}
142,44,{'weight': 21}
143,122,{'weight': 3}
143,135,{'weight': 2}
143,109,{'weight': 1}
143,138,{'weight': 1}
143,124,{'weight': 2}
144,141,{'weight': 4}
144,145,{'weight': 13}
145,113,{'weight': 6}
145,144,{'weight': 1}
145,141,{'weight': 4}
145,187,{'weight': 1}
145,219,{'weight': 1}
145,195,{'weight': 1}
145,193,{'weight': 1}
145,191,{'weight': 3}
145,93,{'weight': 1}
145,200,{'weight': 1}
145,39,{'weight': 1}
146,147,{'weight': 4}
146,142,{'weight': 1}
146,148,{'weight': 13}
147,122,{'weight': 11}
147,114,{'weight': 1}
147,150,{'weight': 1}
147,139,{'weight': 1}
148,122,{'weight': 7}
148,147,{'weight': 4}
148,199,{'weight': 1}
148,187,{'weight': 1}
148,219,{'weight': 1}
148,195,{'weight': 1}
148,193,{'weight': 1}
148,142,{'weight': 1}
148,205,{'weight': 1}
148,200,{'weight': 1}
148,39,{'weight': 1}
149,113,{'weight': 5}
149,216,{'weight': 1}
149,140,{'weight': 2}
149,141,{'weight': 2}
149,86,{'weight': 2}
149,117,{'weight': 1}
149,118,{'weight': 1}
149,4,{'weight': 1}
149,202,{'weight': 4}
149,199,{'weight': 1}
149,198,{'weight': 1}
149,123,{'weight': 2}
149,119,{'weight': 1}
149,145,{'weight': 1}
149,215,{'weight': 1}
149,104,{'weight': 1}
149,39,{'weight': 1}
150,122,{'weight': 4}
150,28,{'weight': 2}
150,146,{'weight': 2}
150,147,{'weight': 2}
150,118,{'weight': 1}
150,202,{'weight': 3}
150,199,{'weight': 2}
150,98,{'weight': 1}
150,191,{'weight': 1}
150,142,{'weight': 2}
150,205,{'weight': 1}
150,87,{'weight': 2}
150,39,{'weight': 1}
151,159,{'weight': 1}
151,200,{'weight': 1}
151,44,{'weight': 1}
152,165,{'weight': 1}
152,249,{'weight': 16}
152,268,{'weight': 2}
152,44,{'weight': 15}
153,161,{'weight': 1}
153,166,{'weight': 1}
153,167,{'weight': 1}
153,249,{'weight': 2}
153,227,{'weight': 16}
153,44,{'weight': 15}
154,160,{'weight': 1}
154,197,{'weight': 1}
154,44,{'weight': 15}
155,161,{'weight': 1}
155,197,{'weight': 2}
155,189,{'weight': 16}
155,44,{'weight': 15}
156,189,{'weight': 2}
156,231,{'weight': 16}
156,44,{'weight': 15}
157,162,{'weight': 1}
157,231,{'weight': 2}
157,234,{'weight': 16}
157,44,{'weight': 15}
158,163,{'weight': 1}
158,234,{'weight': 2}
158,269,{'weight': 16}
158,44,{'weight': 15}
159,200,{'weight': 1}
159,197,{'weight': 1}
159,44,{'weight': 10}
160,219,{'weight': 1}
160,200,{'weight': 1}
160,197,{'weight': 23}
160,189,{'weight': 6}
160,44,{'weight': 29}
161,162,{'weight': 1}
161,233,{'weight': 1}
161,189,{'weight': 23}
161,231,{'weight': 6}
161,44,{'weight': 29}
162,163,{'weight': 1}
162,275,{'weight': 1}
162,231,{'weight': 23}
162,234,{'weight': 6}
162,269,{'weight': 1}
162,44,{'weight': 29}
163,164,{'weight': 1}
163,276,{'weight': 1}
163,269,{'weight': 23}
163,271,{'weight': 1}
163,44,{'weight': 29}
164,165,{'weight': 1}
164,276,{'weight': 1}
164,273,{'weight': 23}
164,268,{'weight': 1}
164,44,{'weight': 29}
165,166,{'weight': 1}
165,97,{'weight': 1}
165,249,{'weight': 23}
165,227,{'weight': 1}
165,44,{'weight': 29}
166,167,{'weight': 1}
166,97,{'weight': 1}
166,227,{'weight': 23}
166,221,{'weight': 1}
166,44,{'weight': 29}
167,97,{'weight': 1}
167,227,{'weight': 23}
167,221,{'weight': 1}
167,44,{'weight': 29}
168,156,{'weight': 1}
168,233,{'weight': 4}
168,275,{'weight': 9}
168,189,{'weight': 1}
168,231,{'weight': 9}
168,234,{'weight': 22}
168,269,{'weight': 7}
168,44,{'weight': 22}
169,270,{'weight': 1}
169,272,{'weight': 1}
169,276,{'weight': 4}
169,277,{'weight': 9}
169,234,{'weight': 1}
169,269,{'weight': 9}
169,271,{'weight': 22}
169,273,{'weight': 7}
169,44,{'weight': 22}
170,12,{'weight': 5}
170,2,{'weight': 4}
170,117,{'weight': 4}
170,118,{'weight': 2}
170,119,{'weight': 1}
170,255,{'weight': 1}
170,207,{'weight': 1}
170,256,{'weight': 1}
171,213,{'weight': 22}
171,137,{'weight': 61}
171,185,{'weight': 1}
171,125,{'weight': 2}
171,217,{'weight': 1}
171,42,{'weight': 2}
171,246,{'weight': 1}
171,190,{'weight': 4}
172,201,{'weight': 1}
172,151,{'weight': 1}
172,154,{'weight': 2}
172,12,{'weight': 8}
172,2,{'weight': 10}
172,84,{'weight': 9}
172,86,{'weight': 6}
172,117,{'weight': 6}
172,118,{'weight': 1}
172,3,{'weight': 3}
172,4,{'weight': 1}
172,187,{'weight': 1}
172,160,{'weight': 1}
172,232,{'weight': 4}
172,168,{'weight': 5}
172,192,{'weight': 7}
172,169,{'weight': 3}
172,253,{'weight': 4}
172,137,{'weight': 4}
172,129,{'weight': 1}
172,170,{'weight': 1}
172,185,{'weight': 1}
172,125,{'weight': 1}
172,42,{'weight': 1}
172,220,{'weight': 1}
172,96,{'weight': 4}
172,79,{'weight': 1}
172,254,{'weight': 1}
172,262,{'weight': 1}
172,263,{'weight': 4}
172,264,{'weight': 1}
172,265,{'weight': 5}
172,266,{'weight': 3}
172,267,{'weight': 2}
173,178,{'weight': 1}
174,190,{'weight': 1}
175,277,{'weight': 8}
175,176,{'weight': 1}
175,44,{'weight': 10}
176,97,{'weight': 8}
176,177,{'weight': 1}
176,249,{'weight': 3}
176,227,{'weight': 2}
176,44,{'weight': 10}
177,153,{'weight': 2}
177,166,{'weight': 3}
177,167,{'weight': 5}
177,253,{'weight': 4}
177,97,{'weight': 2}
177,170,{'weight': 2}
177,125,{'weight': 2}
177,172,{'weight': 3}
177,176,{'weight': 1}
177,221,{'weight': 2}
177,183,{'weight': 11}
177,44,{'weight': 14}
178,219,{'weight': 8}
178,179,{'weight': 1}
178,200,{'weight': 1}
178,197,{'weight': 3}
178,44,{'weight': 10}
179,219,{'weight': 18}
179,233,{'weight': 11}
179,180,{'weight': 1}
179,197,{'weight': 3}
179,189,{'weight': 2}
179,44,{'weight': 31}
180,233,{'weight': 8}
180,181,{'weight': 1}
180,231,{'weight': 1}
180,44,{'weight': 10}
181,275,{'weight': 8}
181,182,{'weight': 1}
181,231,{'weight': 3}
181,234,{'weight': 2}
181,44,{'weight': 10}
182,275,{'weight': 8}
182,188,{'weight': 1}
182,44,{'weight': 10}
183,177,{'weight': 1}
183,44,{'weight': 8}
184,12,{'weight': 3}
184,2,{'weight': 7}
184,117,{'weight': 1}
184,118,{'weight': 3}
184,98,{'weight': 1}
184,194,{'weight': 1}
184,172,{'weight': 3}
184,42,{'weight': 1}
184,256,{'weight': 1}
185,218,{'weight': 22}
185,137,{'weight': 61}
185,171,{'weight': 1}
185,172,{'weight': 2}
185,217,{'weight': 1}
185,42,{'weight': 2}
185,246,{'weight': 1}
185,190,{'weight': 4}
186,190,{'weight': 1}
187,151,{'weight': 1}
187,4,{'weight': 1}
187,199,{'weight': 1}
187,160,{'weight': 1}
187,219,{'weight': 1}
187,97,{'weight': 2}
187,111,{'weight': 1}
187,220,{'weight': 1}
187,173,{'weight': 5}
187,174,{'weight': 7}
187,221,{'weight': 3}
187,44,{'weight': 6}
188,276,{'weight': 8}
188,279,{'weight': 1}
188,269,{'weight': 3}
188,271,{'weight': 2}
188,44,{'weight': 10}
189,155,{'weight': 2}
189,237,{'weight': 2}
189,44,{'weight': 25}
191,113,{'weight': 2}
191,102,{'weight': 2}
191,108,{'weight': 1}
191,157,{'weight': 1}
191,116,{'weight': 1}
191,109,{'weight': 2}
191,146,{'weight': 1}
191,141,{'weight': 1}
191,117,{'weight': 3}
191,202,{'weight': 6}
191,119,{'weight': 2}
191,120,{'weight': 2}
191,110,{'weight': 2}
191,163,{'weight': 1}
191,142,{'weight': 3}
191,215,{'weight': 3}
191,132,{'weight': 2}
191,173,{'weight': 1}
191,186,{'weight': 3}
191,182,{'weight': 1}
191,238,{'weight': 2}
191,244,{'weight': 10}
191,44,{'weight': 22}
192,157,{'weight': 1}
192,158,{'weight': 1}
192,275,{'weight': 4}
192,276,{'weight': 9}
192,231,{'weight': 1}
192,234,{'weight': 9}
192,269,{'weight': 22}
192,271,{'weight': 7}
192,44,{'weight': 22}
193,1,{'weight': 1}
193,114,{'weight': 3}
193,12,{'weight': 5}
193,2,{'weight': 7}
193,84,{'weight': 1}
193,213,{'weight': 2}
193,218,{'weight': 1}
193,195,{'weight': 1}
193,14,{'weight': 1}
193,8,{'weight': 5}
193,9,{'weight': 5}
193,214,{'weight': 2}
193,210,{'weight': 4}
194,12,{'weight': 7}
194,2,{'weight': 7}
194,118,{'weight': 23}
194,226,{'weight': 1}
194,170,{'weight': 1}
194,204,{'weight': 1}
195,1,{'weight': 2}
195,114,{'weight': 5}
195,213,{'weight': 7}
195,218,{'weight': 7}
195,187,{'weight': 2}
195,166,{'weight': 2}
195,97,{'weight': 3}
195,193,{'weight': 5}
195,250,{'weight': 1}
195,111,{'weight': 2}
195,8,{'weight': 2}
195,9,{'weight': 3}
195,59,{'weight': 1}
195,64,{'weight': 1}
195,214,{'weight': 2}
195,210,{'weight': 4}
195,85,{'weight': 1}
195,44,{'weight': 5}
195,190,{'weight': 5}
196,219,{'weight': 8}
196,178,{'weight': 1}
196,133,{'weight': 1}
196,200,{'weight': 3}
196,44,{'weight': 10}
197,155,{'weight': 2}
197,237,{'weight': 2}
197,44,{'weight': 8}
198,105,{'weight': 3}
198,86,{'weight': 2}
198,117,{'weight': 1}
198,199,{'weight': 5}
198,123,{'weight': 2}
198,119,{'weight': 4}
198,98,{'weight': 1}
198,110,{'weight': 1}
198,111,{'weight': 1}
198,148,{'weight': 2}
198,130,{'weight': 1}
198,103,{'weight': 3}
198,85,{'weight': 2}
198,112,{'weight': 2}
198,200,{'weight': 1}
199,84,{'weight': 1}
199,86,{'weight': 8}
199,202,{'weight': 4}
199,226,{'weight': 2}
199,123,{'weight': 5}
199,119,{'weight': 4}
199,187,{'weight': 1}
199,142,{'weight': 2}
199,185,{'weight': 1}
199,145,{'weight': 1}
199,227,{'weight': 1}
199,44,{'weight': 2}
200,219,{'weight': 1}
200,196,{'weight': 2}
200,44,{'weight': 8}
201,12,{'weight': 5}
201,2,{'weight': 3}
201,84,{'weight': 4}
201,86,{'weight': 5}
201,117,{'weight': 1}
201,118,{'weight': 1}
201,119,{'weight': 1}
201,0,{'weight': 2}
201,5,{'weight': 2}
201,137,{'weight': 1}
201,125,{'weight': 1}
201,172,{'weight': 2}
201,203,{'weight': 1}
201,13,{'weight': 3}
201,6,{'weight': 2}
201,65,{'weight': 1}
202,84,{'weight': 5}
202,199,{'weight': 5}
202,226,{'weight': 2}
202,123,{'weight': 6}
202,98,{'weight': 4}
202,187,{'weight': 1}
202,191,{'weight': 1}
202,171,{'weight': 1}
202,145,{'weight': 2}
202,133,{'weight': 1}
202,227,{'weight': 1}
202,44,{'weight': 2}
203,101,{'weight': 1}
203,201,{'weight': 1}
203,12,{'weight': 2}
203,2,{'weight': 2}
203,84,{'weight': 5}
203,86,{'weight': 6}
203,118,{'weight': 2}
203,4,{'weight': 1}
203,123,{'weight': 2}
203,187,{'weight': 4}
203,233,{'weight': 1}
203,193,{'weight': 2}
203,172,{'weight': 4}
203,148,{'weight': 1}
203,8,{'weight': 2}
203,190,{'weight': 3}
204,2,{'weight': 6}
204,86,{'weight': 3}
204,118,{'weight': 6}
204,4,{'weight': 3}
204,199,{'weight': 1}
204,226,{'weight': 1}
204,119,{'weight': 2}
204,98,{'weight': 7}
204,187,{'weight': 4}
204,225,{'weight': 2}
204,95,{'weight': 3}
204,219,{'weight': 2}
204,233,{'weight': 1}
204,194,{'weight': 3}
204,172,{'weight': 2}
204,207,{'weight': 5}
204,252,{'weight': 2}
204,220,{'weight': 3}
204,205,{'weight': 1}
204,238,{'weight': 2}
204,245,{'weight': 1}
204,221,{'weight': 1}
204,189,{'weight': 2}
204,231,{'weight': 4}
204,44,{'weight': 7}
204,190,{'weight': 2}
205,109,{'weight': 2}
205,84,{'weight': 1}
205,86,{'weight': 16}
205,202,{'weight': 1}
205,198,{'weight': 1}
205,119,{'weight': 1}
205,98,{'weight': 2}
205,142,{'weight': 1}
205,125,{'weight': 1}
205,172,{'weight': 1}
205,111,{'weight': 4}
205,130,{'weight': 4}
205,33,{'weight': 1}
206,67,{'weight': 3}
206,84,{'weight': 6}
206,86,{'weight': 5}
206,98,{'weight': 1}
206,225,{'weight': 3}
206,95,{'weight': 4}
206,159,{'weight': 1}
206,125,{'weight': 4}
206,172,{'weight': 6}
206,42,{'weight': 3}
206,96,{'weight': 1}
206,78,{'weight': 1}
207,2,{'weight': 6}
207,86,{'weight': 3}
207,118,{'weight': 6}
207,4,{'weight': 3}
207,199,{'weight': 1}
207,226,{'weight': 1}
207,119,{'weight': 3}
207,98,{'weight': 7}
207,187,{'weight': 4}
207,95,{'weight': 3}
207,219,{'weight': 2}
207,233,{'weight': 1}
207,194,{'weight': 3}
207,172,{'weight': 2}
207,204,{'weight': 4}
207,252,{'weight': 2}
207,256,{'weight': 3}
207,205,{'weight': 1}
207,238,{'weight': 2}
207,245,{'weight': 1}
207,221,{'weight': 1}
207,189,{'weight': 2}
207,231,{'weight': 4}
207,44,{'weight': 7}
207,190,{'weight': 2}
208,101,{'weight': 1}
208,126,{'weight': 5}
208,10,{'weight': 1}
208,102,{'weight': 10}
208,135,{'weight': 4}
208,140,{'weight': 1}
208,120,{'weight': 1}
209,13,{'weight': 2}
209,6,{'weight': 2}
209,23,{'weight': 1}
209,48,{'weight': 1}
209,46,{'weight': 1}
209,64,{'weight': 1}
209,131,{'weight': 2}
209,25,{'weight': 2}
209,73,{'weight': 2}
209,75,{'weight': 2}
209,44,{'weight': 5}
210,114,{'weight': 1}
210,213,{'weight': 1}
210,218,{'weight': 3}
210,48,{'weight': 2}
210,44,{'weight': 4}
211,12,{'weight': 15}
211,31,{'weight': 1}
211,132,{'weight': 2}
211,130,{'weight': 9}
211,210,{'weight': 2}
211,74,{'weight': 6}
212,2,{'weight': 11}
212,132,{'weight': 4}
212,130,{'weight': 1}
212,73,{'weight': 6}
213,84,{'weight': 1}
213,3,{'weight': 2}
213,4,{'weight': 1}
213,206,{'weight': 1}
213,137,{'weight': 1}
213,185,{'weight': 4}
213,217,{'weight': 1}
213,148,{'weight': 1}
213,132,{'weight': 2}
213,130,{'weight': 1}
213,72,{'weight': 1}
213,37,{'weight': 1}
213,190,{'weight': 5}
214,1,{'weight': 1}
214,213,{'weight': 1}
214,218,{'weight': 4}
214,47,{'weight': 5}
214,48,{'weight': 1}
214,87,{'weight': 1}
214,44,{'weight': 5}
215,216,{'weight': 2}
215,84,{'weight': 10}
215,86,{'weight': 1}
215,123,{'weight': 1}
215,98,{'weight': 2}
215,203,{'weight': 3}
215,132,{'weight': 2}
215,130,{'weight': 1}
216,118,{'weight': 1}
216,3,{'weight': 1}
216,225,{'weight': 5}
216,71,{'weight': 3}
216,15,{'weight': 1}
216,125,{'weight': 4}
216,172,{'weight': 2}
216,35,{'weight': 1}
216,93,{'weight': 1}
216,239,{'weight': 1}
217,213,{'weight': 11}
217,206,{'weight': 1}
217,137,{'weight': 3}
217,171,{'weight': 10}
217,125,{'weight': 2}
217,42,{'weight': 2}
217,190,{'weight': 1}
218,137,{'weight': 1}
218,171,{'weight': 4}
218,217,{'weight': 1}
218,203,{'weight': 1}
218,145,{'weight': 1}
218,132,{'weight': 3}
218,130,{'weight': 3}
218,131,{'weight': 1}
218,85,{'weight': 1}
218,73,{'weight': 1}
218,74,{'weight': 2}
218,75,{'weight': 1}
218,190,{'weight': 5}
219,159,{'weight': 2}
219,200,{'weight': 1}
219,197,{'weight': 1}
219,44,{'weight': 29}
220,2,{'weight': 1}
220,118,{'weight': 1}
220,119,{'weight': 1}
220,172,{'weight': 1}
220,252,{'weight': 3}
220,256,{'weight': 1}
220,177,{'weight': 1}
221,177,{'weight': 1}
221,44,{'weight': 8}
222,72,{'weight': 3}
222,112,{'weight': 5}
223,131,{'weight': 5}
223,104,{'weight': 6}
224,67,{'weight': 2}
224,114,{'weight': 1}
224,12,{'weight': 10}
224,2,{'weight': 4}
224,84,{'weight': 4}
224,86,{'weight': 2}
224,117,{'weight': 10}
224,118,{'weight': 2}
224,3,{'weight': 3}
224,4,{'weight': 2}
224,137,{'weight': 1}
224,129,{'weight': 1}
224,125,{'weight': 2}
224,133,{'weight': 1}
224,190,{'weight': 3}
225,63,{'weight': 4}
225,2,{'weight': 2}
225,198,{'weight': 1}
225,98,{'weight': 1}
225,191,{'weight': 4}
225,125,{'weight': 2}
225,207,{'weight': 1}
225,204,{'weight': 2}
225,131,{'weight': 2}
225,56,{'weight': 1}
225,39,{'weight': 1}
226,12,{'weight': 3}
226,2,{'weight': 1}
226,84,{'weight': 4}
226,117,{'weight': 1}
226,118,{'weight': 1}
226,4,{'weight': 1}
226,202,{'weight': 1}
226,98,{'weight': 1}
226,166,{'weight': 1}
226,195,{'weight': 1}
226,228,{'weight': 2}
226,229,{'weight': 1}
226,125,{'weight': 1}
226,172,{'weight': 1}
226,207,{'weight': 2}
226,204,{'weight': 2}
226,203,{'weight': 1}
226,111,{'weight': 1}
226,145,{'weight': 1}
226,148,{'weight': 1}
226,176,{'weight': 1}
226,190,{'weight': 1}
227,44,{'weight': 8}
228,118,{'weight': 1}
228,202,{'weight': 3}
228,226,{'weight': 5}
228,198,{'weight': 1}
228,123,{'weight': 1}
228,166,{'weight': 1}
228,137,{'weight': 2}
228,229,{'weight': 5}
228,255,{'weight': 5}
228,257,{'weight': 4}
228,145,{'weight': 2}
229,226,{'weight': 3}
229,123,{'weight': 1}
229,137,{'weight': 2}
229,228,{'weight': 6}
229,255,{'weight': 1}
229,257,{'weight': 5}
229,145,{'weight': 2}
230,151,{'weight': 1}
230,154,{'weight': 1}
230,219,{'weight': 4}
230,200,{'weight': 1}
230,197,{'weight': 9}
230,189,{'weight': 22}
230,231,{'weight': 7}
230,44,{'weight': 22}
231,44,{'weight': 25}
232,155,{'weight': 1}
232,219,{'weight': 1}
232,233,{'weight': 4}
232,197,{'weight': 1}
232,189,{'weight': 9}
232,231,{'weight': 22}
232,234,{'weight': 7}
232,44,{'weight': 22}
233,161,{'weight': 2}
233,189,{'weight': 1}
233,231,{'weight': 1}
233,44,{'weight': 29}
234,44,{'weight': 25}
235,211,{'weight': 3}
235,85,{'weight': 2}
235,77,{'weight': 1}
236,36,{'weight': 1}
236,212,{'weight': 3}
236,89,{'weight': 1}
236,74,{'weight': 1}
236,77,{'weight': 1}
237,219,{'weight': 19}
237,233,{'weight': 1}
237,178,{'weight': 1}
237,238,{'weight': 1}
237,197,{'weight': 6}
237,189,{'weight': 4}
237,44,{'weight': 23}
238,233,{'weight': 4}
238,142,{'weight': 1}
238,200,{'weight': 1}
238,231,{'weight': 2}
238,44,{'weight': 8}
239,114,{'weight': 1}
239,216,{'weight': 1}
239,12,{'weight': 2}
239,2,{'weight': 3}
239,3,{'weight': 1}
239,129,{'weight': 1}
239,21,{'weight': 1}
239,90,{'weight': 2}
239,214,{'weight': 1}
240,95,{'weight': 5}
240,58,{'weight': 1}
240,27,{'weight': 1}
240,172,{'weight': 2}
240,23,{'weight': 1}
240,88,{'weight': 1}
241,16,{'weight': 1}
241,1,{'weight': 2}
241,12,{'weight': 2}
241,84,{'weight': 5}
241,86,{'weight': 4}
241,137,{'weight': 3}
241,24,{'weight': 2}
241,36,{'weight': 1}
242,190,{'weight': 1}
243,190,{'weight': 1}
244,202,{'weight': 1}
244,199,{'weight': 1}
244,195,{'weight': 1}
244,193,{'weight': 2}
244,245,{'weight': 1}
244,283,{'weight': 1}
244,44,{'weight': 10}
245,187,{'weight': 1}
245,219,{'weight': 2}
245,233,{'weight': 4}
245,275,{'weight': 4}
245,276,{'weight': 10}
245,142,{'weight': 1}
245,148,{'weight': 3}
245,252,{'weight': 1}
245,282,{'weight': 2}
245,238,{'weight': 1}
245,283,{'weight': 1}
245,200,{'weight': 1}
245,197,{'weight': 1}
245,189,{'weight': 1}
245,231,{'weight': 2}
245,234,{'weight': 4}
245,269,{'weight': 3}
245,271,{'weight': 5}
245,44,{'weight': 8}
246,277,{'weight': 8}
246,175,{'weight': 1}
246,273,{'weight': 3}
246,268,{'weight': 2}
246,44,{'weight': 30}
247,12,{'weight': 27}
247,137,{'weight': 3}
247,172,{'weight': 28}
247,248,{'weight': 1}
247,190,{'weight': 1}
248,2,{'weight': 27}
248,137,{'weight': 3}
248,125,{'weight': 28}
248,247,{'weight': 1}
248,190,{'weight': 1}
249,44,{'weight': 8}
250,167,{'weight': 1}
250,97,{'weight': 1}
250,204,{'weight': 1}
250,44,{'weight': 1}
251,97,{'weight': 1}
251,44,{'weight': 1}
252,190,{'weight': 1}
253,152,{'weight': 1}
253,153,{'weight': 1}
253,97,{'weight': 4}
253,249,{'weight': 22}
253,227,{'weight': 7}
253,273,{'weight': 1}
253,268,{'weight': 9}
253,44,{'weight': 22}
254,97,{'weight': 15}
254,177,{'weight': 1}
254,44,{'weight': 18}
255,12,{'weight': 9}
255,2,{'weight': 6}
255,117,{'weight': 1}
255,257,{'weight': 1}
255,125,{'weight': 13}
255,177,{'weight': 2}
256,12,{'weight': 1}
256,117,{'weight': 1}
256,98,{'weight': 1}
256,125,{'weight': 1}
256,252,{'weight': 3}
256,220,{'weight': 1}
256,177,{'weight': 1}
257,12,{'weight': 7}
257,2,{'weight': 7}
257,117,{'weight': 1}
257,118,{'weight': 1}
257,255,{'weight': 1}
257,125,{'weight': 6}
257,172,{'weight': 3}
257,177,{'weight': 1}
258,12,{'weight': 1}
258,137,{'weight': 5}
258,170,{'weight': 1}
258,125,{'weight': 2}
258,177,{'weight': 1}
259,123,{'weight': 1}
259,167,{'weight': 6}
259,137,{'weight': 7}
259,184,{'weight': 1}
259,258,{'weight': 1}
259,172,{'weight': 8}
259,177,{'weight': 1}
260,191,{'weight': 2}
261,12,{'weight': 5}
261,117,{'weight': 4}
261,137,{'weight': 5}
261,142,{'weight': 2}
261,185,{'weight': 5}
261,172,{'weight': 1}
262,233,{'weight': 15}
262,44,{'weight': 18}
263,233,{'weight': 6}
263,275,{'weight': 15}
263,44,{'weight': 18}
264,275,{'weight': 15}
264,44,{'weight': 18}
265,275,{'weight': 6}
265,276,{'weight': 15}
265,44,{'weight': 18}
266,276,{'weight': 15}
266,44,{'weight': 18}
267,276,{'weight': 6}
267,277,{'weight': 15}
267,44,{'weight': 18}
268,44,{'weight': 25}
269,44,{'weight': 25}
270,269,{'weight': 2}
270,271,{'weight': 16}
270,44,{'weight': 15}
271,44,{'weight': 25}
272,164,{'weight': 1}
272,271,{'weight': 2}
272,273,{'weight': 16}
272,44,{'weight': 15}
273,44,{'weight': 25}
274,273,{'weight': 2}
274,268,{'weight': 16}
274,44,{'weight': 15}
275,162,{'weight': 2}
275,234,{'weight': 1}
275,269,{'weight': 1}
275,44,{'weight': 29}
276,164,{'weight': 2}
276,271,{'weight': 1}
276,273,{'weight': 1}
276,44,{'weight': 29}
277,165,{'weight': 2}
277,249,{'weight': 1}
277,268,{'weight': 1}
277,44,{'weight': 29}
278,274,{'weight': 1}
278,277,{'weight': 4}
278,97,{'weight': 9}
278,269,{'weight': 1}
278,271,{'weight': 9}
278,273,{'weight': 22}
278,268,{'weight': 7}
278,44,{'weight': 22}
279,276,{'weight': 8}
279,246,{'weight': 1}
279,44,{'weight': 10}
280,277,{'weight': 6}
280,97,{'weight': 15}
280,44,{'weight': 18}
281,277,{'weight': 15}
281,44,{'weight': 18}
282,219,{'weight': 1}
282,142,{'weight': 1}
282,238,{'weight': 1}
282,200,{'weight': 1}
282,44,{'weight': 2}
283,202,{'weight': 1}
283,199,{'weight': 1}
283,276,{'weight': 2}
283,195,{'weight': 2}
283,193,{'weight': 2}
283,244,{'weight': 2}
283,44,{'weight': 8}
284,187,{'weight': 1}
284,233,{'weight': 1}
284,275,{'weight': 1}
284,276,{'weight': 1}
284,277,{'weight': 1}
284,142,{'weight': 1}
284,145,{'weight': 1}
284,244,{'weight': 1}
284,249,{'weight': 1}
284,227,{'weight': 1}
284,221,{'weight': 1}
284,183,{'weight': 1}
284,271,{'weight': 1}
284,273,{'weight': 1}
284,268,{'weight': 1}
284,44,{'weight': 10}
285,44,{'weight': 1}
286,44,{'weight': 1}
287,44,{'weight': 1}
288,44,{'weight': 1}
289,44,{'weight': 1}
290,44,{'weight': 1}
291,44,{'weight': 1}
292,44,{'weight': 1}
293,44,{'weight': 1}
294,44,{'weight': 1}
295,190,{'weight': 1}
296,190,{'weight': 1}
