0,1,{'weight': 2.5}
0,1084,{'weight': 0.5}
1,946,{'weight': 1}
1,1084,{'weight': 0.5}
2,3,{'weight': 0.25}
2,4,{'weight': 0.25}
2,5,{'weight': 0.25}
2,6,{'weight': 0.25}
3,4,{'weight': 0.25}
3,5,{'weight': 0.25}
3,6,{'weight': 0.25}
4,5,{'weight': 0.25}
4,6,{'weight': 0.25}
5,6,{'weight': 0.25}
7,8,{'weight': 1}
7,9,{'weight': 3.16667}
7,10,{'weight': 1.16667}
7,11,{'weight': 0.666667}
9,10,{'weight': 1.16667}
9,11,{'weight': 0.666667}
9,1424,{'weight': 0.5}
9,1425,{'weight': 1.5}
9,1532,{'weight': 1}
10,11,{'weight': 0.666667}
12,13,{'weight': 0.333333}
12,14,{'weight': 0.333333}
12,15,{'weight': 0.333333}
12,1047,{'weight': 0.25}
12,1048,{'weight': 0.25}
12,1049,{'weight': 0.25}
12,1050,{'weight': 0.25}
13,14,{'weight': 0.333333}
13,15,{'weight': 0.333333}
14,15,{'weight': 0.333333}
16,17,{'weight': 0.5}
16,18,{'weight': 0.5}
17,18,{'weight': 0.5}
20,21,{'weight': 0.5}
20,22,{'weight': 0.5}
21,22,{'weight': 0.5}
23,24,{'weight': 0.5}
23,25,{'weight': 0.5}
24,25,{'weight': 2.33333}
24,201,{'weight': 0.333333}
24,202,{'weight': 0.333333}
24,369,{'weight': 0.5}
25,201,{'weight': 0.333333}
25,202,{'weight': 0.333333}
25,369,{'weight': 0.5}
27,28,{'weight': 0.5}
27,29,{'weight': 0.5}
28,29,{'weight': 0.5}
30,31,{'weight': 0.5}
30,32,{'weight': 0.5}
30,33,{'weight': 3.58333}
30,34,{'weight': 1.58333}
30,54,{'weight': 0.25}
30,131,{'weight': 0.333333}
30,327,{'weight': 0.333333}
30,402,{'weight': 0.333333}
30,840,{'weight': 0.25}
30,894,{'weight': 0.333333}
31,32,{'weight': 0.5}
33,34,{'weight': 4.225}
33,51,{'weight': 0.75}
33,52,{'weight': 0.25}
33,53,{'weight': 1.85833}
33,54,{'weight': 2.99167}
33,131,{'weight': 1.33333}
33,132,{'weight': 2.275}
33,133,{'weight': 1.025}
33,134,{'weight': 0.525}
33,190,{'weight': 0.583333}
33,375,{'weight': 0.25}
33,376,{'weight': 0.25}
33,377,{'weight': 0.25}
33,464,{'weight': 1}
33,485,{'weight': 1}
33,488,{'weight': 0.333333}
33,489,{'weight': 0.333333}
33,507,{'weight': 0.583333}
33,508,{'weight': 0.583333}
33,509,{'weight': 0.25}
33,561,{'weight': 0.708333}
33,562,{'weight': 0.458333}
33,839,{'weight': 0.333333}
33,840,{'weight': 0.45}
33,1008,{'weight': 0.5}
33,1190,{'weight': 0.2}
33,1191,{'weight': 0.2}
33,1228,{'weight': 0.25}
33,1229,{'weight': 0.25}
33,1295,{'weight': 0.25}
33,1529,{'weight': 0.5}
33,1550,{'weight': 1.33333}
33,1551,{'weight': 0.333333}
34,53,{'weight': 0.775}
34,54,{'weight': 1.15833}
34,131,{'weight': 0.333333}
34,132,{'weight': 0.525}
34,133,{'weight': 1.025}
34,134,{'weight': 0.525}
34,561,{'weight': 0.375}
34,562,{'weight': 0.125}
34,652,{'weight': 0.25}
34,654,{'weight': 1.25}
34,655,{'weight': 0.25}
34,657,{'weight': 0.25}
34,756,{'weight': 0.5}
34,760,{'weight': 0.5}
34,761,{'weight': 0.333333}
34,762,{'weight': 0.333333}
34,763,{'weight': 0.333333}
34,839,{'weight': 0.333333}
34,840,{'weight': 0.45}
34,865,{'weight': 0.5}
34,1130,{'weight': 0.5}
34,1190,{'weight': 0.2}
34,1191,{'weight': 0.2}
34,1550,{'weight': 0.833333}
34,1551,{'weight': 0.333333}
35,36,{'weight': 0.2}
35,37,{'weight': 0.2}
35,38,{'weight': 0.2}
35,39,{'weight': 0.2}
35,40,{'weight': 0.2}
36,37,{'weight': 0.2}
36,38,{'weight': 0.2}
36,39,{'weight': 0.2}
36,40,{'weight': 0.2}
37,38,{'weight': 0.2}
37,39,{'weight': 0.2}
37,40,{'weight': 0.2}
38,39,{'weight': 0.2}
38,40,{'weight': 0.2}
39,40,{'weight': 0.2}
42,43,{'weight': 1}
44,45,{'weight': 0.5}
44,46,{'weight': 0.5}
45,46,{'weight': 0.5}
45,609,{'weight': 0.833333}
45,610,{'weight': 0.5}
45,611,{'weight': 0.333333}
45,612,{'weight': 0.333333}
46,78,{'weight': 1}
46,191,{'weight': 0.833333}
46,192,{'weight': 0.333333}
46,193,{'weight': 0.333333}
46,194,{'weight': 0.5}
46,428,{'weight': 1.33333}
46,596,{'weight': 1}
46,1361,{'weight': 1.33333}
46,1362,{'weight': 0.333333}
46,1363,{'weight': 1}
47,48,{'weight': 0.333333}
47,49,{'weight': 0.333333}
47,50,{'weight': 0.333333}
48,49,{'weight': 0.333333}
48,50,{'weight': 0.333333}
48,216,{'weight': 0.333333}
48,217,{'weight': 0.333333}
48,218,{'weight': 0.333333}
49,50,{'weight': 0.333333}
51,52,{'weight': 0.25}
51,53,{'weight': 0.25}
51,54,{'weight': 0.25}
51,55,{'weight': 0.5}
51,56,{'weight': 0.5}
51,57,{'weight': 1}
51,58,{'weight': 1}
51,1008,{'weight': 0.5}
52,53,{'weight': 0.25}
52,54,{'weight': 0.25}
53,54,{'weight': 0.625}
53,132,{'weight': 1.025}
53,133,{'weight': 0.525}
53,134,{'weight': 0.525}
53,561,{'weight': 0.708333}
53,562,{'weight': 0.458333}
53,1024,{'weight': 0.5}
53,1025,{'weight': 0.5}
53,1315,{'weight': 0.25}
53,1468,{'weight': 0.25}
53,1469,{'weight': 0.25}
53,1470,{'weight': 0.25}
54,132,{'weight': 0.375}
54,133,{'weight': 0.125}
54,134,{'weight': 0.125}
54,488,{'weight': 0.333333}
54,489,{'weight': 0.333333}
54,561,{'weight': 0.375}
54,562,{'weight': 0.125}
54,839,{'weight': 0.333333}
54,840,{'weight': 0.45}
54,1190,{'weight': 0.2}
54,1191,{'weight': 0.2}
54,1228,{'weight': 0.25}
54,1229,{'weight': 0.25}
54,1529,{'weight': 0.5}
54,1550,{'weight': 0.5}
55,56,{'weight': 3.83333}
55,90,{'weight': 1}
55,184,{'weight': 0.5}
55,547,{'weight': 0.5}
55,654,{'weight': 0.333333}
55,893,{'weight': 0.333333}
55,934,{'weight': 0.5}
55,1461,{'weight': 0.5}
56,184,{'weight': 0.5}
56,547,{'weight': 0.5}
56,654,{'weight': 0.333333}
56,893,{'weight': 0.333333}
56,934,{'weight': 0.5}
56,1461,{'weight': 0.5}
57,58,{'weight': 1}
57,685,{'weight': 1}
59,60,{'weight': 0.5}
59,61,{'weight': 0.5}
60,61,{'weight': 0.5}
62,63,{'weight': 0.47619}
62,64,{'weight': 0.333333}
62,65,{'weight': 0.333333}
62,362,{'weight': 0.2}
62,805,{'weight': 0.92619}
62,806,{'weight': 1.25952}
62,807,{'weight': 0.92619}
62,808,{'weight': 0.25}
62,1016,{'weight': 1.33333}
62,1070,{'weight': 0.142857}
62,1071,{'weight': 0.67619}
62,1072,{'weight': 0.142857}
62,1073,{'weight': 0.142857}
62,1562,{'weight': 0.142857}
62,1563,{'weight': 0.142857}
62,1564,{'weight': 0.142857}
62,1565,{'weight': 0.142857}
62,1566,{'weight': 0.142857}
62,1567,{'weight': 0.142857}
63,64,{'weight': 0.333333}
63,65,{'weight': 0.333333}
63,1562,{'weight': 0.142857}
63,1563,{'weight': 0.142857}
63,1564,{'weight': 0.142857}
63,1565,{'weight': 0.142857}
63,1566,{'weight': 0.142857}
63,1567,{'weight': 0.142857}
64,65,{'weight': 0.333333}
64,795,{'weight': 0.25}
64,796,{'weight': 0.25}
64,797,{'weight': 0.25}
64,798,{'weight': 0.25}
66,67,{'weight': 0.5}
66,68,{'weight': 0.5}
67,68,{'weight': 0.5}
69,70,{'weight': 0.833333}
69,71,{'weight': 2.16667}
69,72,{'weight': 0.916667}
69,97,{'weight': 1.83333}
69,310,{'weight': 0.5}
69,709,{'weight': 0.666667}
69,710,{'weight': 0.333333}
69,757,{'weight': 0.75}
69,758,{'weight': 0.75}
69,977,{'weight': 0.25}
69,1082,{'weight': 0.5}
69,1083,{'weight': 0.5}
70,71,{'weight': 0.833333}
70,72,{'weight': 0.333333}
71,72,{'weight': 0.666667}
71,149,{'weight': 1.16667}
71,150,{'weight': 0.666667}
71,151,{'weight': 1.16667}
71,157,{'weight': 0.5}
71,158,{'weight': 0.5}
71,709,{'weight': 0.333333}
71,736,{'weight': 0.5}
71,737,{'weight': 0.5}
72,235,{'weight': 1}
72,443,{'weight': 0.5}
72,709,{'weight': 0.333333}
72,738,{'weight': 0.5}
72,757,{'weight': 0.25}
72,758,{'weight': 0.25}
72,977,{'weight': 0.25}
73,74,{'weight': 0.333333}
73,75,{'weight': 0.333333}
73,76,{'weight': 0.333333}
74,75,{'weight': 0.333333}
74,76,{'weight': 0.333333}
75,76,{'weight': 0.333333}
76,522,{'weight': 1}
76,1381,{'weight': 0.5}
76,1588,{'weight': 0.5}
77,78,{'weight': 0.333333}
77,79,{'weight': 0.333333}
77,80,{'weight': 0.333333}
78,79,{'weight': 0.333333}
78,80,{'weight': 0.333333}
78,121,{'weight': 1}
78,281,{'weight': 1}
78,305,{'weight': 0.583333}
78,306,{'weight': 0.25}
78,307,{'weight': 0.25}
78,308,{'weight': 1.58333}
78,309,{'weight': 3.33333}
78,370,{'weight': 0.5}
78,371,{'weight': 2.5}
78,490,{'weight': 0.5}
78,641,{'weight': 1}
78,646,{'weight': 2.5}
78,756,{'weight': 0.5}
78,759,{'weight': 0.5}
78,853,{'weight': 0.5}
78,1005,{'weight': 1}
78,1121,{'weight': 0.5}
78,1122,{'weight': 0.5}
78,1123,{'weight': 0.5}
78,1172,{'weight': 1}
78,1195,{'weight': 0.333333}
78,1196,{'weight': 0.333333}
78,1197,{'weight': 0.333333}
79,80,{'weight': 0.333333}
81,82,{'weight': 0.5}
81,83,{'weight': 0.5}
82,83,{'weight': 0.5}
82,563,{'weight': 1}
82,1498,{'weight': 1}
84,85,{'weight': 0.5}
84,86,{'weight': 0.5}
85,86,{'weight': 0.5}
87,88,{'weight': 2.5}
87,711,{'weight': 0.5}
88,711,{'weight': 0.5}
88,976,{'weight': 1}
88,991,{'weight': 2}
91,92,{'weight': 0.5}
91,93,{'weight': 0.5}
92,93,{'weight': 0.5}
94,95,{'weight': 0.5}
94,96,{'weight': 2.66667}
94,97,{'weight': 2.33333}
94,98,{'weight': 0.5}
94,99,{'weight': 0.5}
94,100,{'weight': 0.25}
94,150,{'weight': 0.333333}
94,225,{'weight': 0.333333}
94,708,{'weight': 0.583333}
95,96,{'weight': 0.5}
95,97,{'weight': 0.5}
95,98,{'weight': 0.5}
96,97,{'weight': 2.33333}
96,98,{'weight': 0.5}
96,99,{'weight': 0.5}
96,100,{'weight': 0.25}
96,150,{'weight': 0.833333}
96,225,{'weight': 0.333333}
96,700,{'weight': 0.333333}
96,701,{'weight': 0.333333}
96,702,{'weight': 0.333333}
96,708,{'weight': 0.583333}
96,1177,{'weight': 0.5}
96,1481,{'weight': 0.5}
96,1482,{'weight': 0.5}
97,98,{'weight': 0.5}
97,99,{'weight': 0.5}
97,100,{'weight': 0.25}
97,310,{'weight': 0.5}
97,708,{'weight': 0.583333}
97,709,{'weight': 0.333333}
97,710,{'weight': 0.333333}
99,100,{'weight': 1.25}
99,708,{'weight': 0.25}
102,103,{'weight': 0.5}
102,104,{'weight': 0.5}
103,104,{'weight': 0.5}
105,106,{'weight': 0.5}
105,107,{'weight': 0.5}
106,107,{'weight': 0.5}
106,859,{'weight': 1}
108,109,{'weight': 1}
111,112,{'weight': 1}
113,114,{'weight': 1}
114,1162,{'weight': 0.5}
114,1163,{'weight': 0.5}
116,117,{'weight': 1}
117,935,{'weight': 0.25}
117,936,{'weight': 0.25}
117,937,{'weight': 0.25}
117,938,{'weight': 0.25}
118,119,{'weight': 1}
118,439,{'weight': 0.5}
118,441,{'weight': 0.5}
120,121,{'weight': 1}
121,548,{'weight': 0.333333}
121,549,{'weight': 0.333333}
121,550,{'weight': 1.83333}
121,764,{'weight': 0.833333}
121,765,{'weight': 0.333333}
121,1030,{'weight': 0.5}
121,1255,{'weight': 0.833333}
122,123,{'weight': 0.5}
122,124,{'weight': 0.5}
123,124,{'weight': 0.5}
126,127,{'weight': 0.7}
126,128,{'weight': 0.5}
126,770,{'weight': 0.2}
126,771,{'weight': 0.2}
126,772,{'weight': 0.2}
126,773,{'weight': 0.2}
127,128,{'weight': 0.75}
127,151,{'weight': 0.333333}
127,517,{'weight': 0.333333}
127,770,{'weight': 0.2}
127,771,{'weight': 0.2}
127,772,{'weight': 0.2}
127,773,{'weight': 0.2}
127,1021,{'weight': 0.25}
127,1022,{'weight': 0.25}
127,1023,{'weight': 0.25}
127,1460,{'weight': 0.333333}
128,1021,{'weight': 0.75}
128,1022,{'weight': 0.25}
128,1023,{'weight': 1.75}
129,130,{'weight': 1}
131,203,{'weight': 1}
132,133,{'weight': 0.525}
132,134,{'weight': 0.525}
132,561,{'weight': 0.125}
132,562,{'weight': 0.125}
132,1228,{'weight': 0.25}
132,1229,{'weight': 0.25}
133,134,{'weight': 0.525}
133,561,{'weight': 0.125}
133,562,{'weight': 0.125}
134,561,{'weight': 0.125}
134,562,{'weight': 0.125}
135,136,{'weight': 1}
136,216,{'weight': 0.5}
136,223,{'weight': 0.5}
136,585,{'weight': 0.333333}
136,586,{'weight': 0.333333}
136,587,{'weight': 1.83333}
136,729,{'weight': 0.5}
137,138,{'weight': 1}
139,140,{'weight': 0.111111}
139,141,{'weight': 0.111111}
139,142,{'weight': 0.111111}
139,143,{'weight': 0.111111}
139,144,{'weight': 0.111111}
139,145,{'weight': 0.111111}
139,146,{'weight': 0.111111}
139,147,{'weight': 0.111111}
139,148,{'weight': 0.111111}
140,141,{'weight': 0.111111}
140,142,{'weight': 0.111111}
140,143,{'weight': 0.111111}
140,144,{'weight': 0.111111}
140,145,{'weight': 0.111111}
140,146,{'weight': 0.111111}
140,147,{'weight': 0.111111}
140,148,{'weight': 0.111111}
141,142,{'weight': 0.111111}
141,143,{'weight': 0.111111}
141,144,{'weight': 0.111111}
141,145,{'weight': 0.111111}
141,146,{'weight': 0.111111}
141,147,{'weight': 0.111111}
141,148,{'weight': 0.111111}
142,143,{'weight': 0.111111}
142,144,{'weight': 0.111111}
142,145,{'weight': 0.111111}
142,146,{'weight': 0.111111}
142,147,{'weight': 0.111111}
142,148,{'weight': 0.111111}
143,144,{'weight': 0.111111}
143,145,{'weight': 0.111111}
143,146,{'weight': 0.111111}
143,147,{'weight': 0.111111}
143,148,{'weight': 0.111111}
144,145,{'weight': 0.111111}
144,146,{'weight': 0.111111}
144,147,{'weight': 0.111111}
144,148,{'weight': 0.111111}
145,146,{'weight': 0.111111}
145,147,{'weight': 0.111111}
145,148,{'weight': 0.111111}
146,147,{'weight': 0.111111}
146,148,{'weight': 0.111111}
147,148,{'weight': 0.111111}
149,150,{'weight': 0.666667}
149,151,{'weight': 1.16667}
149,152,{'weight': 1}
150,151,{'weight': 4.75}
150,225,{'weight': 2.08333}
150,281,{'weight': 1.83333}
150,301,{'weight': 0.5}
150,500,{'weight': 0.5}
150,516,{'weight': 1.08333}
150,517,{'weight': 1.58333}
150,1177,{'weight': 0.5}
150,1178,{'weight': 0.833333}
150,1221,{'weight': 0.5}
150,1342,{'weight': 0.333333}
151,225,{'weight': 0.75}
151,301,{'weight': 0.5}
151,330,{'weight': 0.5}
151,331,{'weight': 0.5}
151,516,{'weight': 1.58333}
151,517,{'weight': 2.25}
151,963,{'weight': 0.333333}
151,964,{'weight': 0.333333}
151,1088,{'weight': 0.5}
151,1460,{'weight': 0.333333}
152,517,{'weight': 1}
153,154,{'weight': 1.33333}
153,155,{'weight': 0.333333}
153,156,{'weight': 0.333333}
154,155,{'weight': 0.333333}
154,156,{'weight': 0.333333}
155,156,{'weight': 0.333333}
157,158,{'weight': 0.5}
160,161,{'weight': 1}
162,163,{'weight': 1}
162,301,{'weight': 0.25}
162,316,{'weight': 0.25}
162,638,{'weight': 0.25}
162,639,{'weight': 0.25}
164,165,{'weight': 1}
166,167,{'weight': 1}
166,406,{'weight': 1}
169,170,{'weight': 0.5}
169,171,{'weight': 0.5}
170,171,{'weight': 0.5}
171,918,{'weight': 1}
172,173,{'weight': 0.5}
172,174,{'weight': 1.5}
173,174,{'weight': 0.5}
175,176,{'weight': 0.5}
175,177,{'weight': 0.5}
176,177,{'weight': 0.5}
177,926,{'weight': 1}
179,180,{'weight': 1}
179,181,{'weight': 1}
180,181,{'weight': 1}
182,183,{'weight': 1}
184,185,{'weight': 0.5}
184,186,{'weight': 0.5}
185,186,{'weight': 0.5}
186,1162,{'weight': 1.25}
186,1413,{'weight': 0.25}
186,1414,{'weight': 0.25}
186,1415,{'weight': 0.25}
187,188,{'weight': 1.5}
187,189,{'weight': 0.5}
188,189,{'weight': 0.5}
189,567,{'weight': 2.33333}
189,650,{'weight': 0.333333}
189,651,{'weight': 0.333333}
190,507,{'weight': 0.583333}
190,508,{'weight': 0.583333}
190,509,{'weight': 0.25}
191,192,{'weight': 0.333333}
191,193,{'weight': 0.333333}
191,194,{'weight': 0.5}
192,193,{'weight': 0.333333}
194,955,{'weight': 0.5}
194,956,{'weight': 1.08333}
194,1135,{'weight': 0.583333}
194,1136,{'weight': 0.25}
194,1137,{'weight': 0.25}
194,1138,{'weight': 0.333333}
194,1384,{'weight': 0.5}
194,1385,{'weight': 0.5}
195,196,{'weight': 1.25}
195,197,{'weight': 0.25}
195,198,{'weight': 0.25}
195,199,{'weight': 0.25}
196,197,{'weight': 0.25}
196,198,{'weight': 0.25}
196,199,{'weight': 0.25}
197,198,{'weight': 0.25}
197,199,{'weight': 0.25}
198,199,{'weight': 0.25}
200,201,{'weight': 0.5}
200,202,{'weight': 0.5}
201,202,{'weight': 0.833333}
203,301,{'weight': 1.16667}
203,302,{'weight': 0.833333}
203,303,{'weight': 0.333333}
203,316,{'weight': 0.333333}
203,317,{'weight': 0.333333}
205,206,{'weight': 1}
207,208,{'weight': 0.5}
207,209,{'weight': 0.5}
207,1477,{'weight': 0.5}
207,1478,{'weight': 0.5}
208,209,{'weight': 0.5}
210,211,{'weight': 0.5}
210,212,{'weight': 0.5}
211,212,{'weight': 0.5}
213,214,{'weight': 0.5}
213,215,{'weight': 0.5}
214,215,{'weight': 0.5}
216,217,{'weight': 1.08333}
216,218,{'weight': 1.66667}
216,219,{'weight': 0.5}
216,220,{'weight': 1.5}
216,221,{'weight': 0.25}
216,222,{'weight': 0.25}
216,223,{'weight': 0.5}
216,224,{'weight': 0.583333}
216,251,{'weight': 0.25}
216,252,{'weight': 0.5}
216,345,{'weight': 0.583333}
216,346,{'weight': 0.916667}
216,347,{'weight': 0.583333}
216,516,{'weight': 0.333333}
216,788,{'weight': 0.333333}
216,1041,{'weight': 0.333333}
216,1452,{'weight': 1}
217,218,{'weight': 1.08333}
217,251,{'weight': 0.25}
217,252,{'weight': 0.25}
218,219,{'weight': 0.25}
218,220,{'weight': 0.25}
218,224,{'weight': 0.583333}
218,251,{'weight': 0.25}
218,252,{'weight': 0.25}
218,1041,{'weight': 0.333333}
219,220,{'weight': 0.5}
219,221,{'weight': 0.583333}
219,222,{'weight': 1.75}
219,224,{'weight': 0.25}
219,343,{'weight': 2.47619}
219,473,{'weight': 0.5}
219,697,{'weight': 0.142857}
219,1145,{'weight': 2.14286}
219,1282,{'weight': 0.333333}
219,1283,{'weight': 0.333333}
219,1394,{'weight': 0.142857}
219,1395,{'weight': 0.142857}
219,1396,{'weight': 0.142857}
219,1397,{'weight': 0.142857}
219,1560,{'weight': 0.333333}
219,1561,{'weight': 0.333333}
220,221,{'weight': 0.25}
220,222,{'weight': 0.25}
220,224,{'weight': 0.25}
221,222,{'weight': 0.25}
221,343,{'weight': 0.333333}
221,1145,{'weight': 0.333333}
222,473,{'weight': 0.5}
224,1041,{'weight': 0.333333}
225,516,{'weight': 0.25}
225,517,{'weight': 0.25}
226,227,{'weight': 1}
227,1074,{'weight': 1}
228,229,{'weight': 1.33333}
228,230,{'weight': 0.333333}
228,231,{'weight': 0.333333}
229,230,{'weight': 0.333333}
229,231,{'weight': 0.333333}
230,231,{'weight': 0.333333}
233,234,{'weight': 0.5}
233,235,{'weight': 0.5}
234,235,{'weight': 0.5}
237,238,{'weight': 1}
239,240,{'weight': 1}
239,241,{'weight': 1}
239,1500,{'weight': 0.25}
239,1501,{'weight': 0.25}
239,1502,{'weight': 0.25}
239,1503,{'weight': 0.25}
242,243,{'weight': 1}
243,927,{'weight': 1.25}
243,1518,{'weight': 0.25}
243,1519,{'weight': 0.25}
243,1520,{'weight': 0.25}
244,245,{'weight': 3.5}
244,246,{'weight': 1}
244,247,{'weight': 1}
244,435,{'weight': 1}
244,513,{'weight': 0.5}
244,1230,{'weight': 1}
245,435,{'weight': 1}
245,513,{'weight': 0.5}
247,415,{'weight': 0.333333}
247,1124,{'weight': 0.333333}
247,1125,{'weight': 0.333333}
248,249,{'weight': 0.5}
248,250,{'weight': 0.5}
249,250,{'weight': 0.5}
251,252,{'weight': 0.25}
252,345,{'weight': 0.25}
252,346,{'weight': 0.25}
252,347,{'weight': 0.25}
254,255,{'weight': 1}
254,256,{'weight': 0.5}
254,1000,{'weight': 0.5}
255,256,{'weight': 0.5}
255,1000,{'weight': 0.5}
258,259,{'weight': 1.33333}
258,1166,{'weight': 0.333333}
258,1167,{'weight': 0.333333}
259,1166,{'weight': 0.333333}
259,1167,{'weight': 0.333333}
260,261,{'weight': 1}
262,263,{'weight': 0.142857}
262,264,{'weight': 0.142857}
262,265,{'weight': 0.142857}
262,266,{'weight': 0.142857}
262,267,{'weight': 0.142857}
262,268,{'weight': 0.142857}
262,269,{'weight': 0.142857}
263,264,{'weight': 0.142857}
263,265,{'weight': 0.67619}
263,266,{'weight': 0.67619}
263,267,{'weight': 0.142857}
263,268,{'weight': 0.67619}
263,269,{'weight': 0.142857}
263,944,{'weight': 0.2}
263,945,{'weight': 0.2}
264,265,{'weight': 0.142857}
264,266,{'weight': 0.142857}
264,267,{'weight': 0.142857}
264,268,{'weight': 0.142857}
264,269,{'weight': 0.142857}
265,266,{'weight': 0.92619}
265,267,{'weight': 0.142857}
265,268,{'weight': 0.92619}
265,269,{'weight': 0.142857}
265,307,{'weight': 0.25}
265,908,{'weight': 0.25}
265,944,{'weight': 0.2}
265,945,{'weight': 0.2}
266,267,{'weight': 0.142857}
266,268,{'weight': 0.92619}
266,269,{'weight': 0.142857}
266,307,{'weight': 0.25}
266,908,{'weight': 0.25}
266,944,{'weight': 0.2}
266,945,{'weight': 0.2}
267,268,{'weight': 0.142857}
267,269,{'weight': 0.142857}
268,269,{'weight': 0.142857}
268,307,{'weight': 0.25}
268,908,{'weight': 0.25}
268,944,{'weight': 0.2}
268,945,{'weight': 0.2}
270,271,{'weight': 1}
273,274,{'weight': 0.5}
273,275,{'weight': 0.5}
274,275,{'weight': 0.5}
275,606,{'weight': 0.333333}
275,607,{'weight': 0.333333}
275,608,{'weight': 0.333333}
276,277,{'weight': 0.5}
276,278,{'weight': 0.5}
277,278,{'weight': 1}
277,401,{'weight': 0.166667}
277,402,{'weight': 0.166667}
277,403,{'weight': 0.5}
277,404,{'weight': 0.166667}
277,405,{'weight': 0.166667}
277,595,{'weight': 0.333333}
278,401,{'weight': 0.166667}
278,402,{'weight': 0.166667}
278,403,{'weight': 0.5}
278,404,{'weight': 0.166667}
278,405,{'weight': 0.166667}
278,595,{'weight': 0.333333}
279,280,{'weight': 0.166667}
279,281,{'weight': 0.166667}
279,282,{'weight': 0.166667}
279,283,{'weight': 0.166667}
279,284,{'weight': 0.166667}
279,285,{'weight': 0.166667}
280,281,{'weight': 0.166667}
280,282,{'weight': 0.166667}
280,283,{'weight': 0.166667}
280,284,{'weight': 0.166667}
280,285,{'weight': 0.166667}
281,282,{'weight': 0.166667}
281,283,{'weight': 3.16667}
281,284,{'weight': 0.166667}
281,285,{'weight': 0.166667}
281,574,{'weight': 2.5}
281,575,{'weight': 0.5}
281,576,{'weight': 0.5}
281,1081,{'weight': 2}
281,1178,{'weight': 0.833333}
281,1342,{'weight': 0.333333}
281,1343,{'weight': 0.5}
281,1344,{'weight': 0.5}
281,1451,{'weight': 0.5}
282,283,{'weight': 0.166667}
282,284,{'weight': 0.166667}
282,285,{'weight': 0.166667}
282,450,{'weight': 1}
283,284,{'weight': 0.166667}
283,285,{'weight': 0.166667}
283,574,{'weight': 0.5}
283,1451,{'weight': 0.5}
284,285,{'weight': 0.166667}
286,287,{'weight': 0.5}
286,288,{'weight': 1}
286,289,{'weight': 0.5}
287,288,{'weight': 0.5}
288,289,{'weight': 0.5}
290,291,{'weight': 0.5}
290,292,{'weight': 0.5}
291,292,{'weight': 0.5}
293,294,{'weight': 2.1}
293,742,{'weight': 0.9}
293,743,{'weight': 0.9}
293,744,{'weight': 0.7}
293,931,{'weight': 0.4}
293,932,{'weight': 0.4}
293,1278,{'weight': 0.2}
293,1368,{'weight': 0.2}
293,1369,{'weight': 0.2}
294,742,{'weight': 1.9}
294,743,{'weight': 1.4}
294,744,{'weight': 2.7}
294,746,{'weight': 0.333333}
294,860,{'weight': 0.2}
294,931,{'weight': 0.4}
294,932,{'weight': 0.4}
294,1028,{'weight': 0.333333}
294,1029,{'weight': 0.333333}
294,1278,{'weight': 0.7}
294,1368,{'weight': 0.2}
294,1369,{'weight': 0.2}
294,1464,{'weight': 0.2}
294,1465,{'weight': 0.2}
294,1466,{'weight': 0.2}
294,1467,{'weight': 0.2}
294,1553,{'weight': 0.333333}
294,1554,{'weight': 0.333333}
294,1555,{'weight': 0.333333}
296,297,{'weight': 1}
296,298,{'weight': 0.333333}
296,299,{'weight': 0.333333}
296,300,{'weight': 1.33333}
298,299,{'weight': 0.333333}
298,300,{'weight': 0.333333}
299,300,{'weight': 0.333333}
300,973,{'weight': 1}
300,1497,{'weight': 1}
301,302,{'weight': 1.33333}
301,303,{'weight': 0.333333}
301,304,{'weight': 0.5}
301,316,{'weight': 0.583333}
301,317,{'weight': 0.333333}
301,463,{'weight': 0.5}
301,638,{'weight': 0.75}
301,639,{'weight': 0.25}
302,303,{'weight': 0.333333}
302,304,{'weight': 0.5}
302,1182,{'weight': 1}
303,499,{'weight': 1}
303,1026,{'weight': 0.333333}
303,1416,{'weight': 0.333333}
303,1417,{'weight': 0.333333}
305,306,{'weight': 0.25}
305,307,{'weight': 0.25}
305,308,{'weight': 0.583333}
305,309,{'weight': 0.333333}
306,307,{'weight': 0.25}
306,308,{'weight': 0.25}
307,308,{'weight': 0.25}
307,590,{'weight': 1}
307,908,{'weight': 0.25}
308,309,{'weight': 2.33333}
308,1039,{'weight': 0.5}
308,1040,{'weight': 1.5}
308,1549,{'weight': 1}
309,371,{'weight': 0.5}
309,490,{'weight': 1.5}
309,491,{'weight': 0.5}
309,493,{'weight': 0.5}
311,312,{'weight': 1}
313,314,{'weight': 0.5}
313,315,{'weight': 0.5}
314,315,{'weight': 0.5}
314,1398,{'weight': 1}
316,317,{'weight': 0.333333}
316,638,{'weight': 0.25}
316,639,{'weight': 0.25}
318,319,{'weight': 1}
319,421,{'weight': 1}
320,321,{'weight': 0.833333}
320,322,{'weight': 0.333333}
320,323,{'weight': 0.666667}
320,324,{'weight': 0.333333}
320,325,{'weight': 0.333333}
320,1270,{'weight': 0.5}
321,322,{'weight': 0.333333}
321,323,{'weight': 0.333333}
321,1270,{'weight': 0.5}
322,323,{'weight': 0.333333}
323,324,{'weight': 0.333333}
323,325,{'weight': 0.333333}
324,325,{'weight': 0.333333}
326,327,{'weight': 0.333333}
326,328,{'weight': 0.333333}
326,329,{'weight': 0.333333}
327,328,{'weight': 1.16667}
327,329,{'weight': 0.333333}
327,402,{'weight': 2.16667}
327,416,{'weight': 3.5}
327,417,{'weight': 1}
327,596,{'weight': 0.5}
327,894,{'weight': 0.333333}
327,1189,{'weight': 0.5}
327,1404,{'weight': 0.166667}
327,1405,{'weight': 0.166667}
327,1406,{'weight': 0.166667}
327,1407,{'weight': 0.166667}
327,1408,{'weight': 0.166667}
328,329,{'weight': 0.333333}
328,402,{'weight': 0.333333}
328,416,{'weight': 0.333333}
328,1189,{'weight': 0.5}
329,547,{'weight': 1.5}
329,1389,{'weight': 1.5}
330,331,{'weight': 0.5}
330,1214,{'weight': 0.25}
330,1215,{'weight': 0.25}
330,1216,{'weight': 0.25}
330,1217,{'weight': 0.25}
332,333,{'weight': 0.333333}
332,334,{'weight': 0.333333}
332,335,{'weight': 0.333333}
333,334,{'weight': 0.333333}
333,335,{'weight': 0.333333}
334,335,{'weight': 0.333333}
336,337,{'weight': 1}
337,631,{'weight': 0.2}
337,1570,{'weight': 0.2}
337,1571,{'weight': 0.2}
337,1572,{'weight': 0.2}
337,1573,{'weight': 0.2}
338,339,{'weight': 0.333333}
338,340,{'weight': 0.333333}
338,341,{'weight': 0.333333}
339,340,{'weight': 0.333333}
339,341,{'weight': 1.33333}
340,341,{'weight': 0.333333}
342,343,{'weight': 0.5}
342,344,{'weight': 0.5}
342,692,{'weight': 1}
343,344,{'weight': 0.5}
343,697,{'weight': 0.142857}
343,1145,{'weight': 1.47619}
343,1394,{'weight': 0.142857}
343,1395,{'weight': 0.142857}
343,1396,{'weight': 0.142857}
343,1397,{'weight': 0.142857}
345,346,{'weight': 0.583333}
345,347,{'weight': 0.583333}
346,347,{'weight': 0.583333}
346,516,{'weight': 0.333333}
346,788,{'weight': 0.333333}
348,349,{'weight': 0.2}
348,350,{'weight': 0.2}
348,351,{'weight': 0.2}
348,352,{'weight': 0.2}
348,353,{'weight': 0.2}
349,350,{'weight': 0.2}
349,351,{'weight': 0.2}
349,352,{'weight': 0.2}
349,353,{'weight': 0.2}
350,351,{'weight': 0.2}
350,352,{'weight': 0.2}
350,353,{'weight': 0.2}
350,686,{'weight': 1}
351,352,{'weight': 0.2}
351,353,{'weight': 0.2}
352,353,{'weight': 0.2}
354,355,{'weight': 0.5}
354,356,{'weight': 0.5}
355,356,{'weight': 0.5}
357,358,{'weight': 0.833333}
357,359,{'weight': 0.5}
357,360,{'weight': 0.333333}
357,361,{'weight': 0.333333}
358,359,{'weight': 0.5}
358,360,{'weight': 0.333333}
358,361,{'weight': 0.333333}
360,361,{'weight': 0.333333}
362,363,{'weight': 1}
362,364,{'weight': 0.5}
362,365,{'weight': 0.5}
362,805,{'weight': 0.2}
362,806,{'weight': 0.2}
362,807,{'weight': 0.2}
362,1071,{'weight': 0.2}
362,1349,{'weight': 0.25}
362,1350,{'weight': 0.25}
362,1351,{'weight': 0.25}
362,1352,{'weight': 0.25}
364,365,{'weight': 0.5}
366,367,{'weight': 0.5}
366,368,{'weight': 0.5}
367,368,{'weight': 0.5}
370,371,{'weight': 0.5}
371,759,{'weight': 0.5}
371,866,{'weight': 0.5}
371,867,{'weight': 0.5}
372,373,{'weight': 0.5}
372,374,{'weight': 0.5}
373,374,{'weight': 0.5}
375,376,{'weight': 1.91667}
375,377,{'weight': 2.91667}
375,378,{'weight': 0.333333}
375,1263,{'weight': 0.333333}
375,1295,{'weight': 0.25}
376,377,{'weight': 1.91667}
376,378,{'weight': 0.333333}
376,1263,{'weight': 0.333333}
376,1295,{'weight': 0.25}
377,378,{'weight': 0.333333}
377,1263,{'weight': 0.333333}
377,1295,{'weight': 0.25}
377,1347,{'weight': 0.5}
377,1348,{'weight': 0.5}
379,380,{'weight': 0.5}
379,381,{'weight': 0.5}
380,381,{'weight': 0.5}
382,383,{'weight': 0.5}
382,384,{'weight': 0.5}
383,384,{'weight': 0.5}
385,386,{'weight': 0.142857}
385,387,{'weight': 0.142857}
385,388,{'weight': 0.142857}
385,389,{'weight': 0.142857}
385,390,{'weight': 0.142857}
385,391,{'weight': 0.142857}
385,392,{'weight': 0.142857}
386,387,{'weight': 0.142857}
386,388,{'weight': 0.142857}
386,389,{'weight': 0.142857}
386,390,{'weight': 0.142857}
386,391,{'weight': 0.142857}
386,392,{'weight': 0.142857}
387,388,{'weight': 0.142857}
387,389,{'weight': 0.142857}
387,390,{'weight': 0.142857}
387,391,{'weight': 0.142857}
387,392,{'weight': 0.142857}
388,389,{'weight': 0.142857}
388,390,{'weight': 0.142857}
388,391,{'weight': 0.142857}
388,392,{'weight': 0.142857}
389,390,{'weight': 0.142857}
389,391,{'weight': 0.142857}
389,392,{'weight': 0.142857}
390,391,{'weight': 0.142857}
390,392,{'weight': 0.142857}
391,392,{'weight': 0.142857}
393,394,{'weight': 0.333333}
393,395,{'weight': 0.333333}
393,396,{'weight': 0.333333}
394,395,{'weight': 0.333333}
394,396,{'weight': 0.333333}
395,396,{'weight': 0.333333}
397,398,{'weight': 0.333333}
397,399,{'weight': 0.333333}
397,400,{'weight': 0.333333}
398,399,{'weight': 0.333333}
398,400,{'weight': 0.333333}
399,400,{'weight': 0.333333}
401,402,{'weight': 0.166667}
401,403,{'weight': 0.166667}
401,404,{'weight': 0.166667}
401,405,{'weight': 0.166667}
402,403,{'weight': 0.166667}
402,404,{'weight': 0.166667}
402,405,{'weight': 0.166667}
402,416,{'weight': 0.833333}
402,417,{'weight': 1}
402,894,{'weight': 0.333333}
403,404,{'weight': 0.166667}
403,405,{'weight': 0.166667}
403,595,{'weight': 0.333333}
404,405,{'weight': 0.166667}
408,409,{'weight': 0.25}
408,410,{'weight': 0.583333}
408,411,{'weight': 0.25}
408,412,{'weight': 0.583333}
408,413,{'weight': 0.333333}
409,410,{'weight': 0.25}
409,411,{'weight': 0.25}
409,412,{'weight': 0.25}
410,411,{'weight': 0.25}
410,412,{'weight': 0.583333}
410,413,{'weight': 0.333333}
411,412,{'weight': 0.25}
412,413,{'weight': 0.333333}
414,415,{'weight': 1}
415,922,{'weight': 1}
415,1124,{'weight': 0.333333}
415,1125,{'weight': 0.333333}
415,1233,{'weight': 0.5}
415,1234,{'weight': 0.5}
416,596,{'weight': 0.5}
416,1404,{'weight': 0.166667}
416,1405,{'weight': 0.166667}
416,1406,{'weight': 0.166667}
416,1407,{'weight': 0.166667}
416,1408,{'weight': 0.166667}
418,419,{'weight': 1}
422,423,{'weight': 0.5}
422,424,{'weight': 0.5}
423,424,{'weight': 0.5}
425,426,{'weight': 0.5}
425,427,{'weight': 0.5}
426,427,{'weight': 0.5}
428,429,{'weight': 1}
428,1361,{'weight': 0.333333}
428,1362,{'weight': 0.333333}
430,431,{'weight': 1}
430,432,{'weight': 1}
433,434,{'weight': 1}
436,437,{'weight': 0.5}
436,438,{'weight': 0.5}
437,438,{'weight': 0.5}
439,440,{'weight': 1}
439,441,{'weight': 0.5}
442,443,{'weight': 1}
443,675,{'weight': 0.5}
443,676,{'weight': 0.5}
443,738,{'weight': 0.5}
443,739,{'weight': 1}
444,445,{'weight': 1}
445,699,{'weight': 1}
446,447,{'weight': 0.333333}
446,448,{'weight': 0.333333}
446,449,{'weight': 0.333333}
447,448,{'weight': 0.333333}
447,449,{'weight': 0.333333}
448,449,{'weight': 0.333333}
452,453,{'weight': 0.142857}
452,454,{'weight': 0.142857}
452,455,{'weight': 0.142857}
452,456,{'weight': 0.142857}
452,457,{'weight': 0.142857}
452,458,{'weight': 0.142857}
452,459,{'weight': 0.142857}
453,454,{'weight': 0.142857}
453,455,{'weight': 0.142857}
453,456,{'weight': 0.142857}
453,457,{'weight': 0.142857}
453,458,{'weight': 0.642857}
453,459,{'weight': 0.642857}
454,455,{'weight': 0.142857}
454,456,{'weight': 0.142857}
454,457,{'weight': 0.142857}
454,458,{'weight': 0.142857}
454,459,{'weight': 0.142857}
455,456,{'weight': 0.142857}
455,457,{'weight': 0.142857}
455,458,{'weight': 0.142857}
455,459,{'weight': 0.142857}
456,457,{'weight': 0.142857}
456,458,{'weight': 0.142857}
456,459,{'weight': 0.142857}
457,458,{'weight': 0.142857}
457,459,{'weight': 0.142857}
458,459,{'weight': 0.642857}
460,461,{'weight': 0.333333}
460,462,{'weight': 0.333333}
460,463,{'weight': 0.333333}
461,462,{'weight': 0.333333}
461,463,{'weight': 0.333333}
462,463,{'weight': 0.333333}
463,638,{'weight': 0.5}
464,465,{'weight': 1.5}
464,466,{'weight': 0.5}
465,466,{'weight': 0.5}
467,468,{'weight': 0.25}
467,469,{'weight': 0.25}
467,470,{'weight': 0.25}
467,471,{'weight': 0.25}
468,469,{'weight': 0.25}
468,470,{'weight': 0.25}
468,471,{'weight': 0.25}
469,470,{'weight': 0.25}
469,471,{'weight': 0.25}
470,471,{'weight': 0.25}
472,473,{'weight': 0.833333}
472,474,{'weight': 0.5}
472,984,{'weight': 0.333333}
472,1091,{'weight': 0.333333}
473,474,{'weight': 0.5}
473,984,{'weight': 2.16667}
473,985,{'weight': 0.333333}
473,1091,{'weight': 0.333333}
473,1092,{'weight': 0.833333}
475,476,{'weight': 1}
475,477,{'weight': 0.5}
475,478,{'weight': 0.5}
477,478,{'weight': 0.5}
478,940,{'weight': 1}
479,480,{'weight': 0.333333}
479,481,{'weight': 0.333333}
479,482,{'weight': 0.333333}
480,481,{'weight': 0.333333}
480,482,{'weight': 0.333333}
481,482,{'weight': 0.333333}
481,1235,{'weight': 0.5}
481,1236,{'weight': 0.5}
481,1250,{'weight': 0.5}
481,1251,{'weight': 0.5}
482,1046,{'weight': 1}
482,1244,{'weight': 0.25}
482,1245,{'weight': 0.25}
482,1246,{'weight': 0.25}
482,1247,{'weight': 0.25}
482,1455,{'weight': 1}
483,484,{'weight': 1}
486,487,{'weight': 1}
488,489,{'weight': 0.333333}
490,491,{'weight': 0.5}
490,492,{'weight': 1}
490,493,{'weight': 0.5}
494,495,{'weight': 0.5}
494,496,{'weight': 0.5}
495,496,{'weight': 0.5}
496,780,{'weight': 0.5}
496,781,{'weight': 0.5}
496,1409,{'weight': 0.5}
496,1410,{'weight': 0.5}
497,498,{'weight': 1}
500,501,{'weight': 1}
500,502,{'weight': 2.5}
500,503,{'weight': 1.5}
500,1221,{'weight': 0.5}
501,502,{'weight': 1}
502,503,{'weight': 0.5}
505,506,{'weight': 1}
507,508,{'weight': 1.08333}
507,509,{'weight': 0.75}
508,509,{'weight': 0.75}
511,512,{'weight': 1}
514,515,{'weight': 0.833333}
514,516,{'weight': 0.833333}
514,517,{'weight': 0.333333}
515,516,{'weight': 2.33333}
515,517,{'weight': 0.333333}
515,674,{'weight': 0.5}
516,517,{'weight': 2.91667}
516,674,{'weight': 0.5}
516,788,{'weight': 0.333333}
516,1086,{'weight': 0.5}
516,1087,{'weight': 2.5}
516,1088,{'weight': 1}
516,1089,{'weight': 0.5}
517,963,{'weight': 0.333333}
517,964,{'weight': 0.333333}
517,1341,{'weight': 1}
517,1460,{'weight': 0.333333}
518,519,{'weight': 1}
520,521,{'weight': 1}
522,523,{'weight': 0.25}
522,524,{'weight': 0.25}
522,525,{'weight': 0.25}
522,526,{'weight': 0.25}
522,527,{'weight': 2}
522,1381,{'weight': 0.5}
522,1588,{'weight': 0.5}
523,524,{'weight': 0.25}
523,525,{'weight': 0.25}
523,526,{'weight': 0.25}
523,742,{'weight': 0.333333}
523,746,{'weight': 0.333333}
523,1356,{'weight': 0.333333}
524,525,{'weight': 0.25}
524,526,{'weight': 0.25}
524,1322,{'weight': 1}
525,526,{'weight': 0.25}
528,529,{'weight': 1}
530,531,{'weight': 0.533333}
530,532,{'weight': 0.533333}
530,533,{'weight': 0.333333}
530,1533,{'weight': 0.2}
530,1534,{'weight': 0.2}
530,1535,{'weight': 0.2}
531,532,{'weight': 0.533333}
531,533,{'weight': 0.333333}
531,1533,{'weight': 0.2}
531,1534,{'weight': 0.2}
531,1535,{'weight': 0.2}
532,533,{'weight': 0.333333}
532,1533,{'weight': 0.2}
532,1534,{'weight': 0.2}
532,1535,{'weight': 0.2}
534,535,{'weight': 1}
537,538,{'weight': 0.5}
537,539,{'weight': 0.833333}
537,540,{'weight': 0.333333}
537,541,{'weight': 0.333333}
537,542,{'weight': 0.333333}
537,689,{'weight': 0.333333}
537,690,{'weight': 0.333333}
538,539,{'weight': 0.5}
539,689,{'weight': 0.333333}
539,690,{'weight': 0.333333}
540,541,{'weight': 0.333333}
540,542,{'weight': 0.333333}
541,542,{'weight': 0.333333}
544,545,{'weight': 1}
546,547,{'weight': 1}
547,1239,{'weight': 1}
547,1389,{'weight': 0.5}
548,549,{'weight': 0.333333}
548,550,{'weight': 0.333333}
549,550,{'weight': 0.333333}
550,1030,{'weight': 0.5}
552,553,{'weight': 0.5}
552,554,{'weight': 0.5}
553,554,{'weight': 0.5}
556,557,{'weight': 0.5}
556,558,{'weight': 0.5}
557,558,{'weight': 0.5}
559,560,{'weight': 1}
561,562,{'weight': 0.458333}
563,564,{'weight': 0.333333}
563,565,{'weight': 0.333333}
563,566,{'weight': 0.333333}
564,565,{'weight': 0.333333}
564,566,{'weight': 0.333333}
565,566,{'weight': 0.333333}
567,650,{'weight': 0.333333}
567,651,{'weight': 0.333333}
568,569,{'weight': 1}
570,571,{'weight': 1}
572,573,{'weight': 1}
574,575,{'weight': 0.5}
574,576,{'weight': 0.5}
577,578,{'weight': 1}
580,581,{'weight': 0.5}
580,582,{'weight': 0.5}
581,582,{'weight': 0.5}
583,584,{'weight': 1}
585,586,{'weight': 0.333333}
585,587,{'weight': 0.333333}
586,587,{'weight': 0.333333}
587,729,{'weight': 0.5}
589,590,{'weight': 0.583333}
589,591,{'weight': 0.583333}
589,592,{'weight': 0.333333}
589,1180,{'weight': 0.25}
589,1181,{'weight': 0.25}
590,591,{'weight': 1.58333}
590,592,{'weight': 0.333333}
590,1180,{'weight': 0.25}
590,1181,{'weight': 0.25}
591,592,{'weight': 0.333333}
591,1180,{'weight': 0.25}
591,1181,{'weight': 0.25}
593,594,{'weight': 1}
597,598,{'weight': 1}
597,789,{'weight': 1}
597,790,{'weight': 1}
599,600,{'weight': 1}
602,603,{'weight': 1}
606,607,{'weight': 0.333333}
606,608,{'weight': 0.333333}
607,608,{'weight': 0.333333}
609,610,{'weight': 0.5}
609,611,{'weight': 0.333333}
609,612,{'weight': 0.333333}
611,612,{'weight': 0.333333}
614,615,{'weight': 1}
616,617,{'weight': 1}
618,619,{'weight': 0.5}
618,620,{'weight': 0.5}
619,620,{'weight': 0.5}
621,622,{'weight': 1}
623,624,{'weight': 1}
625,626,{'weight': 0.333333}
625,627,{'weight': 0.333333}
625,628,{'weight': 0.333333}
626,627,{'weight': 0.333333}
626,628,{'weight': 0.333333}
627,628,{'weight': 0.333333}
629,630,{'weight': 0.5}
629,631,{'weight': 0.5}
630,631,{'weight': 1}
630,1579,{'weight': 0.5}
631,783,{'weight': 1}
631,784,{'weight': 0.5}
631,1570,{'weight': 0.2}
631,1571,{'weight': 0.2}
631,1572,{'weight': 0.2}
631,1573,{'weight': 0.2}
631,1574,{'weight': 0.5}
631,1579,{'weight': 0.5}
632,633,{'weight': 1}
635,636,{'weight': 0.5}
635,637,{'weight': 0.5}
636,637,{'weight': 0.5}
638,639,{'weight': 0.25}
638,640,{'weight': 1}
642,643,{'weight': 1}
642,712,{'weight': 0.5}
642,713,{'weight': 0.5}
645,1429,{'weight': 0.0526316}
645,1430,{'weight': 0.0526316}
645,1431,{'weight': 0.0526316}
645,1432,{'weight': 0.0526316}
645,1433,{'weight': 0.0526316}
645,1434,{'weight': 0.0526316}
645,1435,{'weight': 0.0526316}
645,1436,{'weight': 0.0526316}
645,1437,{'weight': 0.0526316}
645,1438,{'weight': 0.0526316}
645,1439,{'weight': 0.0526316}
645,1440,{'weight': 0.0526316}
645,1441,{'weight': 0.0526316}
645,1442,{'weight': 0.0526316}
645,1443,{'weight': 0.0526316}
645,1444,{'weight': 0.0526316}
645,1445,{'weight': 0.0526316}
645,1446,{'weight': 0.0526316}
645,1447,{'weight': 0.0526316}
646,853,{'weight': 0.5}
647,648,{'weight': 1}
650,651,{'weight': 0.333333}
652,653,{'weight': 0.333333}
652,654,{'weight': 2.08333}
652,655,{'weight': 2.08333}
652,656,{'weight': 0.333333}
652,657,{'weight': 0.583333}
652,893,{'weight': 0.333333}
653,654,{'weight': 0.333333}
653,655,{'weight': 0.333333}
654,655,{'weight': 2.08333}
654,656,{'weight': 0.333333}
654,657,{'weight': 0.916667}
654,774,{'weight': 0.333333}
654,863,{'weight': 0.5}
654,864,{'weight': 0.5}
654,865,{'weight': 0.5}
654,893,{'weight': 0.666667}
654,1130,{'weight': 0.833333}
655,656,{'weight': 0.333333}
655,657,{'weight': 0.583333}
655,893,{'weight': 0.333333}
657,774,{'weight': 0.333333}
657,1130,{'weight': 0.333333}
658,659,{'weight': 0.333333}
658,660,{'weight': 0.333333}
658,661,{'weight': 0.333333}
659,660,{'weight': 0.333333}
659,661,{'weight': 0.333333}
660,661,{'weight': 0.333333}
662,663,{'weight': 0.75}
662,664,{'weight': 0.25}
662,665,{'weight': 0.25}
662,666,{'weight': 0.25}
662,677,{'weight': 0.5}
662,792,{'weight': 0.333333}
662,793,{'weight': 0.333333}
662,794,{'weight': 0.333333}
663,664,{'weight': 0.25}
663,665,{'weight': 0.25}
663,666,{'weight': 0.25}
663,677,{'weight': 0.5}
664,665,{'weight': 0.25}
664,666,{'weight': 0.25}
665,666,{'weight': 0.25}
667,668,{'weight': 1}
669,670,{'weight': 1}
669,671,{'weight': 1}
670,721,{'weight': 1}
672,673,{'weight': 1}
675,676,{'weight': 0.5}
676,1556,{'weight': 0.333333}
676,1557,{'weight': 0.333333}
676,1558,{'weight': 0.333333}
678,679,{'weight': 0.5}
678,680,{'weight': 0.5}
679,680,{'weight': 0.5}
681,682,{'weight': 0.333333}
681,683,{'weight': 0.333333}
681,684,{'weight': 0.333333}
682,683,{'weight': 0.333333}
682,684,{'weight': 0.333333}
683,684,{'weight': 0.333333}
689,690,{'weight': 0.333333}
693,694,{'weight': 0.2}
693,695,{'weight': 0.2}
693,696,{'weight': 0.2}
693,697,{'weight': 1.2}
693,698,{'weight': 0.2}
694,695,{'weight': 0.2}
694,696,{'weight': 0.2}
694,697,{'weight': 0.2}
694,698,{'weight': 0.2}
695,696,{'weight': 0.2}
695,697,{'weight': 0.2}
695,698,{'weight': 0.2}
695,715,{'weight': 0.25}
695,716,{'weight': 0.25}
695,717,{'weight': 0.25}
695,718,{'weight': 0.25}
696,697,{'weight': 0.2}
696,698,{'weight': 0.2}
697,698,{'weight': 0.2}
697,1145,{'weight': 0.142857}
697,1394,{'weight': 0.142857}
697,1395,{'weight': 0.142857}
697,1396,{'weight': 0.142857}
697,1397,{'weight': 0.142857}
700,701,{'weight': 0.333333}
700,702,{'weight': 0.333333}
701,702,{'weight': 0.333333}
704,705,{'weight': 0.333333}
704,706,{'weight': 0.333333}
704,707,{'weight': 0.333333}
705,706,{'weight': 0.333333}
705,707,{'weight': 0.333333}
706,707,{'weight': 0.333333}
709,710,{'weight': 0.333333}
712,713,{'weight': 0.5}
715,716,{'weight': 0.25}
715,717,{'weight': 0.25}
715,718,{'weight': 0.25}
716,717,{'weight': 0.25}
716,718,{'weight': 0.25}
717,718,{'weight': 0.25}
719,720,{'weight': 2}
719,752,{'weight': 0.5}
719,753,{'weight': 0.5}
721,1346,{'weight': 1}
721,1454,{'weight': 1}
723,724,{'weight': 0.333333}
723,725,{'weight': 0.333333}
723,726,{'weight': 0.333333}
724,725,{'weight': 0.333333}
724,726,{'weight': 0.333333}
725,726,{'weight': 0.333333}
730,731,{'weight': 1}
732,733,{'weight': 0.5}
732,734,{'weight': 0.5}
733,734,{'weight': 0.5}
736,737,{'weight': 0.5}
742,743,{'weight': 1.4}
742,744,{'weight': 1.2}
742,745,{'weight': 1}
742,746,{'weight': 2.33333}
742,931,{'weight': 0.7}
742,932,{'weight': 0.7}
742,1278,{'weight': 0.2}
742,1356,{'weight': 0.333333}
743,744,{'weight': 0.7}
743,931,{'weight': 0.2}
743,932,{'weight': 0.2}
743,1278,{'weight': 0.2}
744,1278,{'weight': 0.7}
744,1279,{'weight': 0.333333}
744,1280,{'weight': 0.333333}
744,1281,{'weight': 0.333333}
746,1028,{'weight': 0.333333}
746,1029,{'weight': 0.333333}
746,1356,{'weight': 0.333333}
747,748,{'weight': 1}
750,751,{'weight': 1}
752,753,{'weight': 0.5}
754,755,{'weight': 1}
756,757,{'weight': 0.5}
756,758,{'weight': 0.5}
756,759,{'weight': 1}
756,760,{'weight': 1.5}
756,761,{'weight': 1.86667}
756,762,{'weight': 0.333333}
756,763,{'weight': 0.333333}
756,764,{'weight': 0.533333}
756,765,{'weight': 0.533333}
756,775,{'weight': 0.2}
756,892,{'weight': 0.2}
756,1123,{'weight': 0.5}
757,758,{'weight': 1.25}
757,977,{'weight': 0.25}
758,977,{'weight': 0.25}
761,762,{'weight': 0.666667}
761,763,{'weight': 0.666667}
761,764,{'weight': 0.533333}
761,765,{'weight': 0.533333}
761,774,{'weight': 1.33333}
761,775,{'weight': 1.53333}
761,776,{'weight': 0.333333}
761,892,{'weight': 0.2}
762,763,{'weight': 0.666667}
764,765,{'weight': 0.866667}
764,775,{'weight': 0.2}
764,892,{'weight': 0.2}
764,1255,{'weight': 0.833333}
765,775,{'weight': 0.2}
765,892,{'weight': 0.2}
765,1255,{'weight': 0.333333}
766,767,{'weight': 0.333333}
766,768,{'weight': 0.333333}
766,769,{'weight': 0.333333}
767,768,{'weight': 0.333333}
767,769,{'weight': 0.333333}
768,769,{'weight': 0.333333}
770,771,{'weight': 0.2}
770,772,{'weight': 0.2}
770,773,{'weight': 0.2}
771,772,{'weight': 0.2}
771,773,{'weight': 0.2}
772,773,{'weight': 0.2}
774,775,{'weight': 1.33333}
774,776,{'weight': 0.333333}
774,1130,{'weight': 0.333333}
775,776,{'weight': 0.333333}
775,892,{'weight': 0.2}
777,778,{'weight': 1}
780,781,{'weight': 0.5}
783,784,{'weight': 0.5}
783,1574,{'weight': 0.5}
785,786,{'weight': 0.5}
785,787,{'weight': 0.5}
786,787,{'weight': 0.5}
789,790,{'weight': 1}
792,793,{'weight': 0.333333}
792,794,{'weight': 0.333333}
793,794,{'weight': 0.333333}
795,796,{'weight': 0.25}
795,797,{'weight': 0.25}
795,798,{'weight': 0.25}
796,797,{'weight': 0.25}
796,798,{'weight': 0.25}
797,798,{'weight': 0.25}
799,800,{'weight': 0.2}
799,801,{'weight': 0.2}
799,802,{'weight': 0.2}
799,803,{'weight': 0.2}
799,804,{'weight': 0.2}
800,801,{'weight': 0.2}
800,802,{'weight': 0.2}
800,803,{'weight': 0.2}
800,804,{'weight': 0.2}
801,802,{'weight': 0.2}
801,803,{'weight': 0.2}
801,804,{'weight': 0.2}
802,803,{'weight': 0.2}
802,804,{'weight': 0.2}
803,804,{'weight': 0.2}
805,806,{'weight': 0.92619}
805,807,{'weight': 0.92619}
805,808,{'weight': 0.25}
805,1070,{'weight': 0.142857}
805,1071,{'weight': 0.342857}
805,1072,{'weight': 0.142857}
805,1073,{'weight': 0.142857}
806,807,{'weight': 0.92619}
806,808,{'weight': 0.25}
806,1016,{'weight': 0.333333}
806,1070,{'weight': 0.142857}
806,1071,{'weight': 0.67619}
806,1072,{'weight': 0.142857}
806,1073,{'weight': 0.142857}
807,808,{'weight': 0.25}
807,1070,{'weight': 0.142857}
807,1071,{'weight': 0.342857}
807,1072,{'weight': 0.142857}
807,1073,{'weight': 0.142857}
809,810,{'weight': 1}
812,813,{'weight': 1}
814,815,{'weight': 0.5}
814,816,{'weight': 0.5}
815,816,{'weight': 0.5}
817,818,{'weight': 1}
819,820,{'weight': 1}
820,1170,{'weight': 1}
821,822,{'weight': 0.333333}
821,823,{'weight': 0.333333}
821,824,{'weight': 0.333333}
822,823,{'weight': 0.333333}
822,824,{'weight': 0.333333}
823,824,{'weight': 0.333333}
825,826,{'weight': 0.111111}
825,827,{'weight': 0.111111}
825,828,{'weight': 0.111111}
825,829,{'weight': 0.111111}
825,830,{'weight': 0.111111}
825,831,{'weight': 0.111111}
825,832,{'weight': 0.111111}
825,833,{'weight': 0.111111}
825,834,{'weight': 0.111111}
826,827,{'weight': 0.111111}
826,828,{'weight': 0.111111}
826,829,{'weight': 0.111111}
826,830,{'weight': 0.111111}
826,831,{'weight': 0.111111}
826,832,{'weight': 0.111111}
826,833,{'weight': 0.111111}
826,834,{'weight': 0.111111}
827,828,{'weight': 0.111111}
827,829,{'weight': 0.111111}
827,830,{'weight': 0.111111}
827,831,{'weight': 0.111111}
827,832,{'weight': 0.111111}
827,833,{'weight': 0.111111}
827,834,{'weight': 0.111111}
828,829,{'weight': 0.111111}
828,830,{'weight': 0.111111}
828,831,{'weight': 0.111111}
828,832,{'weight': 0.111111}
828,833,{'weight': 0.111111}
828,834,{'weight': 0.111111}
829,830,{'weight': 0.111111}
829,831,{'weight': 0.111111}
829,832,{'weight': 0.111111}
829,833,{'weight': 0.111111}
829,834,{'weight': 0.111111}
830,831,{'weight': 0.111111}
830,832,{'weight': 0.111111}
830,833,{'weight': 0.111111}
830,834,{'weight': 0.111111}
831,832,{'weight': 0.111111}
831,833,{'weight': 0.111111}
831,834,{'weight': 0.111111}
832,833,{'weight': 0.111111}
832,834,{'weight': 0.111111}
833,834,{'weight': 0.111111}
835,836,{'weight': 0.5}
835,837,{'weight': 0.5}
836,837,{'weight': 0.5}
840,1190,{'weight': 0.2}
840,1191,{'weight': 0.2}
841,842,{'weight': 1.5}
841,843,{'weight': 0.5}
842,843,{'weight': 0.5}
843,1273,{'weight': 0.75}
843,1274,{'weight': 0.75}
843,1275,{'weight': 0.25}
843,1276,{'weight': 0.25}
843,1536,{'weight': 1}
844,845,{'weight': 0.333333}
844,846,{'weight': 0.333333}
844,847,{'weight': 0.333333}
845,846,{'weight': 0.333333}
845,847,{'weight': 0.333333}
846,847,{'weight': 0.333333}
848,849,{'weight': 1}
850,851,{'weight': 0.5}
850,852,{'weight': 0.5}
851,852,{'weight': 0.5}
855,856,{'weight': 0.5}
855,857,{'weight': 0.5}
856,857,{'weight': 0.5}
860,861,{'weight': 0.5}
860,862,{'weight': 0.5}
860,1464,{'weight': 0.2}
860,1465,{'weight': 0.2}
860,1466,{'weight': 0.2}
860,1467,{'weight': 0.2}
861,862,{'weight': 0.5}
863,864,{'weight': 0.5}
866,867,{'weight': 0.5}
870,871,{'weight': 0.25}
870,872,{'weight': 0.25}
870,873,{'weight': 0.25}
870,874,{'weight': 0.25}
871,872,{'weight': 0.25}
871,873,{'weight': 0.25}
871,874,{'weight': 0.25}
872,873,{'weight': 0.25}
872,874,{'weight': 0.25}
872,1268,{'weight': 1}
873,874,{'weight': 0.25}
877,878,{'weight': 0.25}
877,879,{'weight': 0.25}
877,880,{'weight': 0.25}
877,881,{'weight': 0.25}
878,879,{'weight': 0.25}
878,880,{'weight': 0.25}
878,881,{'weight': 0.25}
879,880,{'weight': 0.25}
879,881,{'weight': 0.25}
880,881,{'weight': 0.25}
882,1339,{'weight': 1}
883,884,{'weight': 0.5}
883,885,{'weight': 0.5}
884,885,{'weight': 0.5}
886,887,{'weight': 1}
888,889,{'weight': 0.5}
888,890,{'weight': 0.5}
889,890,{'weight': 0.5}
895,896,{'weight': 0.25}
895,897,{'weight': 0.25}
895,898,{'weight': 0.25}
895,899,{'weight': 0.25}
896,897,{'weight': 0.25}
896,898,{'weight': 0.25}
896,899,{'weight': 0.25}
897,898,{'weight': 0.25}
897,899,{'weight': 0.25}
898,899,{'weight': 0.25}
900,901,{'weight': 0.5}
900,902,{'weight': 0.5}
900,1318,{'weight': 1}
901,902,{'weight': 0.5}
903,904,{'weight': 0.5}
903,905,{'weight': 0.5}
904,905,{'weight': 0.5}
906,907,{'weight': 1}
909,910,{'weight': 0.5}
909,911,{'weight': 0.5}
910,911,{'weight': 0.5}
912,913,{'weight': 0.2}
912,914,{'weight': 0.2}
912,915,{'weight': 0.2}
912,916,{'weight': 0.2}
912,917,{'weight': 0.2}
913,914,{'weight': 0.342857}
913,915,{'weight': 0.342857}
913,916,{'weight': 0.985714}
913,917,{'weight': 0.2}
913,1000,{'weight': 0.142857}
913,1201,{'weight': 0.785714}
913,1202,{'weight': 0.142857}
913,1203,{'weight': 0.142857}
913,1204,{'weight': 0.142857}
913,1205,{'weight': 0.142857}
913,1206,{'weight': 0.142857}
913,1207,{'weight': 0.142857}
913,1208,{'weight': 0.142857}
914,915,{'weight': 0.342857}
914,916,{'weight': 0.342857}
914,917,{'weight': 0.2}
914,1201,{'weight': 0.142857}
914,1206,{'weight': 0.142857}
914,1207,{'weight': 0.142857}
914,1208,{'weight': 0.142857}
915,916,{'weight': 0.342857}
915,917,{'weight': 0.2}
915,1201,{'weight': 0.142857}
915,1206,{'weight': 0.142857}
915,1207,{'weight': 0.142857}
915,1208,{'weight': 0.142857}
916,917,{'weight': 0.2}
916,1000,{'weight': 0.142857}
916,1201,{'weight': 1.11905}
916,1202,{'weight': 0.142857}
916,1203,{'weight': 0.142857}
916,1204,{'weight': 0.142857}
916,1205,{'weight': 0.142857}
916,1206,{'weight': 0.142857}
916,1207,{'weight': 0.142857}
916,1208,{'weight': 0.142857}
916,1256,{'weight': 0.333333}
916,1257,{'weight': 0.333333}
920,921,{'weight': 1}
923,924,{'weight': 0.5}
923,925,{'weight': 0.5}
924,925,{'weight': 0.5}
927,1518,{'weight': 0.25}
927,1519,{'weight': 0.25}
927,1520,{'weight': 0.25}
929,930,{'weight': 1}
930,1418,{'weight': 1}
931,932,{'weight': 1.9}
931,933,{'weight': 1}
931,1175,{'weight': 0.5}
931,1176,{'weight': 0.5}
931,1356,{'weight': 1}
931,1368,{'weight': 0.2}
931,1369,{'weight': 0.2}
932,1368,{'weight': 0.2}
932,1369,{'weight': 0.2}
935,936,{'weight': 0.25}
935,937,{'weight': 0.25}
935,938,{'weight': 0.25}
936,937,{'weight': 0.25}
936,938,{'weight': 0.25}
937,938,{'weight': 0.25}
941,942,{'weight': 0.5}
941,943,{'weight': 0.5}
942,943,{'weight': 0.5}
944,945,{'weight': 0.2}
947,948,{'weight': 1}
947,1271,{'weight': 0.5}
947,1272,{'weight': 0.5}
949,950,{'weight': 1}
951,952,{'weight': 1.16667}
951,953,{'weight': 1.16667}
951,954,{'weight': 0.666667}
952,953,{'weight': 1.16667}
952,954,{'weight': 0.666667}
953,954,{'weight': 0.666667}
955,956,{'weight': 0.5}
956,1135,{'weight': 0.583333}
956,1136,{'weight': 0.25}
956,1137,{'weight': 0.25}
956,1138,{'weight': 0.333333}
957,958,{'weight': 0.5}
957,959,{'weight': 0.5}
958,959,{'weight': 0.5}
960,961,{'weight': 0.5}
960,962,{'weight': 0.5}
961,962,{'weight': 0.5}
963,964,{'weight': 0.333333}
965,966,{'weight': 0.2}
965,967,{'weight': 0.2}
965,968,{'weight': 0.2}
965,969,{'weight': 0.2}
965,970,{'weight': 0.2}
966,967,{'weight': 0.2}
966,968,{'weight': 0.2}
966,969,{'weight': 0.2}
966,970,{'weight': 0.2}
967,968,{'weight': 0.2}
967,969,{'weight': 0.2}
967,970,{'weight': 0.2}
968,969,{'weight': 0.2}
968,970,{'weight': 0.2}
969,970,{'weight': 0.2}
972,973,{'weight': 1}
973,989,{'weight': 1}
973,1002,{'weight': 0.833333}
973,1003,{'weight': 0.833333}
973,1004,{'weight': 0.333333}
974,975,{'weight': 0.5}
974,976,{'weight': 0.5}
975,976,{'weight': 0.5}
976,1129,{'weight': 1}
978,979,{'weight': 1}
980,981,{'weight': 0.5}
980,982,{'weight': 0.5}
981,982,{'weight': 0.5}
983,984,{'weight': 1}
983,985,{'weight': 0.5}
983,986,{'weight': 0.5}
984,985,{'weight': 0.833333}
984,986,{'weight': 0.5}
984,1091,{'weight': 0.333333}
984,1092,{'weight': 0.833333}
985,1092,{'weight': 0.333333}
987,988,{'weight': 1}
992,993,{'weight': 1}
994,995,{'weight': 0.25}
994,996,{'weight': 0.25}
994,997,{'weight': 0.25}
994,998,{'weight': 0.25}
995,996,{'weight': 0.25}
995,997,{'weight': 0.25}
995,998,{'weight': 0.25}
996,997,{'weight': 0.25}
996,998,{'weight': 0.25}
997,998,{'weight': 0.25}
999,1000,{'weight': 1}
1000,1201,{'weight': 0.142857}
1000,1202,{'weight': 0.142857}
1000,1203,{'weight': 0.142857}
1000,1204,{'weight': 0.142857}
1000,1205,{'weight': 0.142857}
1000,1504,{'weight': 0.5}
1000,1514,{'weight': 0.5}
1002,1003,{'weight': 0.833333}
1002,1004,{'weight': 0.333333}
1003,1004,{'weight': 0.333333}
1006,1007,{'weight': 1}
1009,1010,{'weight': 1}
1010,1045,{'weight': 1}
1011,1012,{'weight': 1}
1013,1014,{'weight': 1}
1016,1071,{'weight': 0.333333}
1017,1018,{'weight': 1.2}
1017,1306,{'weight': 0.2}
1017,1307,{'weight': 0.2}
1017,1308,{'weight': 0.2}
1017,1309,{'weight': 0.2}
1018,1303,{'weight': 0.5}
1018,1304,{'weight': 0.5}
1018,1305,{'weight': 1}
1018,1306,{'weight': 0.2}
1018,1307,{'weight': 0.2}
1018,1308,{'weight': 0.2}
1018,1309,{'weight': 0.2}
1021,1022,{'weight': 0.25}
1021,1023,{'weight': 0.75}
1022,1023,{'weight': 0.25}
1024,1025,{'weight': 0.5}
1026,1027,{'weight': 1}
1026,1416,{'weight': 0.333333}
1026,1417,{'weight': 0.333333}
1028,1029,{'weight': 0.333333}
1031,1032,{'weight': 1}
1033,1034,{'weight': 1}
1035,1036,{'weight': 1}
1035,1037,{'weight': 0.5}
1035,1038,{'weight': 0.5}
1037,1038,{'weight': 0.5}
1039,1040,{'weight': 0.5}
1042,1043,{'weight': 0.5}
1042,1044,{'weight': 0.5}
1043,1044,{'weight': 0.5}
1047,1048,{'weight': 0.25}
1047,1049,{'weight': 0.25}
1047,1050,{'weight': 0.25}
1048,1049,{'weight': 0.25}
1048,1050,{'weight': 0.25}
1049,1050,{'weight': 0.25}
1052,1053,{'weight': 1}
1054,1055,{'weight': 1}
1054,1056,{'weight': 0.333333}
1054,1057,{'weight': 0.333333}
1054,1058,{'weight': 0.333333}
1056,1057,{'weight': 0.333333}
1056,1058,{'weight': 0.333333}
1057,1058,{'weight': 0.333333}
1060,1061,{'weight': 0.111111}
1060,1062,{'weight': 0.111111}
1060,1063,{'weight': 0.111111}
1060,1064,{'weight': 0.111111}
1060,1065,{'weight': 0.111111}
1060,1066,{'weight': 0.111111}
1060,1067,{'weight': 0.111111}
1060,1068,{'weight': 0.111111}
1060,1069,{'weight': 0.111111}
1060,1412,{'weight': 1}
1061,1062,{'weight': 0.111111}
1061,1063,{'weight': 0.111111}
1061,1064,{'weight': 0.111111}
1061,1065,{'weight': 0.111111}
1061,1066,{'weight': 0.111111}
1061,1067,{'weight': 0.111111}
1061,1068,{'weight': 0.111111}
1061,1069,{'weight': 0.111111}
1062,1063,{'weight': 0.111111}
1062,1064,{'weight': 0.111111}
1062,1065,{'weight': 0.111111}
1062,1066,{'weight': 0.111111}
1062,1067,{'weight': 0.111111}
1062,1068,{'weight': 0.111111}
1062,1069,{'weight': 0.111111}
1063,1064,{'weight': 0.111111}
1063,1065,{'weight': 0.111111}
1063,1066,{'weight': 0.111111}
1063,1067,{'weight': 0.111111}
1063,1068,{'weight': 0.111111}
1063,1069,{'weight': 0.111111}
1064,1065,{'weight': 0.111111}
1064,1066,{'weight': 0.111111}
1064,1067,{'weight': 0.111111}
1064,1068,{'weight': 0.111111}
1064,1069,{'weight': 0.111111}
1065,1066,{'weight': 0.111111}
1065,1067,{'weight': 0.111111}
1065,1068,{'weight': 0.111111}
1065,1069,{'weight': 0.111111}
1066,1067,{'weight': 0.111111}
1066,1068,{'weight': 0.111111}
1066,1069,{'weight': 0.111111}
1067,1068,{'weight': 0.111111}
1067,1069,{'weight': 0.111111}
1068,1069,{'weight': 0.111111}
1070,1071,{'weight': 0.142857}
1070,1072,{'weight': 0.142857}
1070,1073,{'weight': 0.142857}
1071,1072,{'weight': 0.142857}
1071,1073,{'weight': 0.142857}
1072,1073,{'weight': 0.142857}
1078,1079,{'weight': 1}
1082,1083,{'weight': 0.5}
1086,1087,{'weight': 0.5}
1087,1088,{'weight': 0.5}
1087,1089,{'weight': 0.5}
1093,1094,{'weight': 0.333333}
1093,1095,{'weight': 0.333333}
1093,1096,{'weight': 0.333333}
1094,1095,{'weight': 0.333333}
1094,1096,{'weight': 0.333333}
1095,1096,{'weight': 0.333333}
1097,1098,{'weight': 0.5}
1097,1099,{'weight': 0.5}
1098,1099,{'weight': 0.5}
1101,1102,{'weight': 0.5}
1101,1103,{'weight': 0.5}
1102,1103,{'weight': 0.5}
1105,1106,{'weight': 0.125}
1105,1107,{'weight': 0.125}
1105,1108,{'weight': 0.125}
1105,1109,{'weight': 0.125}
1105,1110,{'weight': 0.125}
1105,1111,{'weight': 0.125}
1105,1112,{'weight': 0.125}
1105,1113,{'weight': 0.125}
1106,1107,{'weight': 0.125}
1106,1108,{'weight': 0.125}
1106,1109,{'weight': 0.125}
1106,1110,{'weight': 0.125}
1106,1111,{'weight': 0.125}
1106,1112,{'weight': 0.125}
1106,1113,{'weight': 0.125}
1107,1108,{'weight': 0.125}
1107,1109,{'weight': 0.125}
1107,1110,{'weight': 0.125}
1107,1111,{'weight': 0.125}
1107,1112,{'weight': 0.125}
1107,1113,{'weight': 0.125}
1107,1357,{'weight': 0.333333}
1107,1358,{'weight': 0.333333}
1107,1411,{'weight': 0.333333}
1108,1109,{'weight': 0.125}
1108,1110,{'weight': 0.125}
1108,1111,{'weight': 0.125}
1108,1112,{'weight': 0.125}
1108,1113,{'weight': 0.125}
1109,1110,{'weight': 0.125}
1109,1111,{'weight': 0.125}
1109,1112,{'weight': 0.125}
1109,1113,{'weight': 0.125}
1110,1111,{'weight': 0.125}
1110,1112,{'weight': 0.125}
1110,1113,{'weight': 0.125}
1111,1112,{'weight': 0.125}
1111,1113,{'weight': 0.125}
1112,1113,{'weight': 0.125}
1114,1115,{'weight': 1}
1116,1117,{'weight': 0.25}
1116,1118,{'weight': 0.25}
1116,1119,{'weight': 0.25}
1116,1120,{'weight': 0.25}
1117,1118,{'weight': 0.25}
1117,1119,{'weight': 0.25}
1117,1120,{'weight': 0.25}
1118,1119,{'weight': 0.25}
1118,1120,{'weight': 0.25}
1119,1120,{'weight': 0.25}
1120,1515,{'weight': 0.333333}
1120,1516,{'weight': 0.333333}
1120,1517,{'weight': 0.333333}
1121,1122,{'weight': 0.5}
1124,1125,{'weight': 0.333333}
1127,1128,{'weight': 1}
1131,1132,{'weight': 1}
1133,1134,{'weight': 1}
1135,1136,{'weight': 0.25}
1135,1137,{'weight': 0.25}
1135,1138,{'weight': 0.333333}
1136,1137,{'weight': 0.25}
1139,1140,{'weight': 1}
1141,1142,{'weight': 1}
1142,1488,{'weight': 0.5}
1142,1489,{'weight': 0.5}
1145,1282,{'weight': 0.333333}
1145,1283,{'weight': 0.333333}
1145,1394,{'weight': 0.142857}
1145,1395,{'weight': 0.142857}
1145,1396,{'weight': 0.142857}
1145,1397,{'weight': 0.142857}
1145,1560,{'weight': 0.333333}
1145,1561,{'weight': 0.333333}
1146,1147,{'weight': 0.25}
1146,1148,{'weight': 0.25}
1146,1149,{'weight': 0.25}
1146,1150,{'weight': 0.25}
1147,1148,{'weight': 0.25}
1147,1149,{'weight': 0.25}
1147,1150,{'weight': 0.25}
1148,1149,{'weight': 0.25}
1148,1150,{'weight': 0.25}
1149,1150,{'weight': 0.25}
1152,1153,{'weight': 0.125}
1152,1154,{'weight': 0.125}
1152,1155,{'weight': 0.125}
1152,1156,{'weight': 0.125}
1152,1157,{'weight': 0.125}
1152,1158,{'weight': 0.125}
1152,1159,{'weight': 0.125}
1152,1160,{'weight': 0.125}
1153,1154,{'weight': 0.125}
1153,1155,{'weight': 0.125}
1153,1156,{'weight': 0.125}
1153,1157,{'weight': 0.125}
1153,1158,{'weight': 0.125}
1153,1159,{'weight': 0.125}
1153,1160,{'weight': 0.125}
1154,1155,{'weight': 0.125}
1154,1156,{'weight': 0.125}
1154,1157,{'weight': 0.125}
1154,1158,{'weight': 0.125}
1154,1159,{'weight': 0.125}
1154,1160,{'weight': 0.125}
1155,1156,{'weight': 0.125}
1155,1157,{'weight': 0.125}
1155,1158,{'weight': 0.125}
1155,1159,{'weight': 0.125}
1155,1160,{'weight': 0.125}
1156,1157,{'weight': 0.125}
1156,1158,{'weight': 0.125}
1156,1159,{'weight': 0.125}
1156,1160,{'weight': 0.125}
1157,1158,{'weight': 0.125}
1157,1159,{'weight': 0.125}
1157,1160,{'weight': 0.125}
1158,1159,{'weight': 0.125}
1158,1160,{'weight': 0.125}
1159,1160,{'weight': 0.125}
1162,1163,{'weight': 0.5}
1162,1413,{'weight': 0.25}
1162,1414,{'weight': 0.25}
1162,1415,{'weight': 0.25}
1164,1165,{'weight': 1}
1166,1167,{'weight': 0.333333}
1168,1169,{'weight': 1}
1175,1176,{'weight': 0.5}
1178,1342,{'weight': 0.333333}
1180,1181,{'weight': 0.25}
1184,1185,{'weight': 0.5}
1184,1186,{'weight': 0.5}
1185,1186,{'weight': 0.5}
1190,1191,{'weight': 0.2}
1193,1194,{'weight': 1}
1195,1196,{'weight': 0.333333}
1195,1197,{'weight': 0.333333}
1196,1197,{'weight': 0.333333}
1198,1199,{'weight': 0.5}
1198,1200,{'weight': 0.5}
1199,1200,{'weight': 0.5}
1201,1202,{'weight': 0.142857}
1201,1203,{'weight': 0.142857}
1201,1204,{'weight': 0.142857}
1201,1205,{'weight': 0.142857}
1201,1206,{'weight': 0.142857}
1201,1207,{'weight': 0.142857}
1201,1208,{'weight': 0.142857}
1201,1256,{'weight': 0.333333}
1201,1257,{'weight': 0.333333}
1202,1203,{'weight': 0.142857}
1202,1204,{'weight': 0.142857}
1202,1205,{'weight': 0.142857}
1203,1204,{'weight': 0.142857}
1203,1205,{'weight': 0.142857}
1204,1205,{'weight': 0.142857}
1206,1207,{'weight': 0.142857}
1206,1208,{'weight': 0.142857}
1207,1208,{'weight': 0.142857}
1209,1210,{'weight': 0.333333}
1209,1211,{'weight': 0.333333}
1209,1212,{'weight': 0.333333}
1210,1211,{'weight': 0.333333}
1210,1212,{'weight': 0.333333}
1211,1212,{'weight': 0.333333}
1214,1215,{'weight': 0.25}
1214,1216,{'weight': 0.25}
1214,1217,{'weight': 0.25}
1215,1216,{'weight': 0.25}
1215,1217,{'weight': 0.25}
1216,1217,{'weight': 0.25}
1218,1219,{'weight': 1}
1222,1223,{'weight': 0.5}
1222,1224,{'weight': 0.5}
1223,1224,{'weight': 0.5}
1225,1226,{'weight': 1}
1225,1227,{'weight': 1}
1225,1345,{'weight': 1}
1228,1229,{'weight': 0.25}
1231,1232,{'weight': 1}
1233,1234,{'weight': 0.5}
1235,1236,{'weight': 0.5}
1237,1238,{'weight': 1}
1240,1241,{'weight': 1}
1242,1243,{'weight': 1}
1244,1245,{'weight': 0.25}
1244,1246,{'weight': 0.25}
1244,1247,{'weight': 0.25}
1245,1246,{'weight': 0.25}
1245,1247,{'weight': 0.25}
1246,1247,{'weight': 0.25}
1248,1249,{'weight': 1}
1250,1251,{'weight': 0.5}
1252,1253,{'weight': 0.5}
1252,1254,{'weight': 1.5}
1253,1254,{'weight': 0.5}
1256,1257,{'weight': 0.333333}
1258,1259,{'weight': 1}
1260,1261,{'weight': 0.5}
1260,1262,{'weight': 0.5}
1261,1262,{'weight': 0.5}
1264,1265,{'weight': 0.333333}
1264,1266,{'weight': 0.333333}
1264,1267,{'weight': 0.333333}
1265,1266,{'weight': 0.333333}
1265,1267,{'weight': 0.333333}
1266,1267,{'weight': 0.333333}
1271,1272,{'weight': 0.5}
1273,1274,{'weight': 0.75}
1273,1275,{'weight': 0.25}
1273,1276,{'weight': 0.25}
1274,1275,{'weight': 0.25}
1274,1276,{'weight': 0.25}
1275,1276,{'weight': 0.25}
1279,1280,{'weight': 0.333333}
1279,1281,{'weight': 0.333333}
1280,1281,{'weight': 0.333333}
1282,1283,{'weight': 0.333333}
1286,1287,{'weight': 0.25}
1286,1288,{'weight': 0.25}
1286,1289,{'weight': 0.25}
1286,1290,{'weight': 0.25}
1286,1364,{'weight': 0.25}
1286,1365,{'weight': 0.25}
1286,1366,{'weight': 0.25}
1286,1367,{'weight': 0.25}
1287,1288,{'weight': 0.25}
1287,1289,{'weight': 0.25}
1287,1290,{'weight': 0.25}
1288,1289,{'weight': 0.25}
1288,1290,{'weight': 0.25}
1289,1290,{'weight': 0.25}
1292,1293,{'weight': 0.5}
1292,1294,{'weight': 0.5}
1293,1294,{'weight': 0.5}
1294,1377,{'weight': 0.5}
1294,1378,{'weight': 0.5}
1298,1299,{'weight': 1}
1303,1304,{'weight': 0.5}
1306,1307,{'weight': 0.2}
1306,1308,{'weight': 0.2}
1306,1309,{'weight': 0.2}
1307,1308,{'weight': 0.2}
1307,1309,{'weight': 0.2}
1308,1309,{'weight': 0.2}
1310,1311,{'weight': 1}
1312,1313,{'weight': 0.25}
1312,1314,{'weight': 0.25}
1312,1315,{'weight': 0.25}
1312,1316,{'weight': 0.25}
1313,1314,{'weight': 0.25}
1313,1315,{'weight': 0.25}
1313,1316,{'weight': 0.25}
1314,1315,{'weight': 0.25}
1314,1316,{'weight': 0.25}
1315,1316,{'weight': 0.25}
1315,1468,{'weight': 0.25}
1315,1469,{'weight': 0.25}
1315,1470,{'weight': 0.25}
1320,1321,{'weight': 1}
1323,1324,{'weight': 0.5}
1323,1325,{'weight': 0.5}
1324,1325,{'weight': 0.5}
1326,1327,{'weight': 1}
1328,1329,{'weight': 1}
1331,1332,{'weight': 0.5}
1331,1333,{'weight': 0.5}
1332,1333,{'weight': 0.5}
1335,1336,{'weight': 0.333333}
1335,1337,{'weight': 0.333333}
1335,1338,{'weight': 0.333333}
1336,1337,{'weight': 0.333333}
1336,1338,{'weight': 0.333333}
1336,1419,{'weight': 1}
1337,1338,{'weight': 0.333333}
1343,1344,{'weight': 0.5}
1347,1348,{'weight': 0.5}
1349,1350,{'weight': 0.25}
1349,1351,{'weight': 0.25}
1349,1352,{'weight': 0.25}
1350,1351,{'weight': 0.25}
1350,1352,{'weight': 0.25}
1351,1352,{'weight': 0.25}
1354,1355,{'weight': 1}
1356,1357,{'weight': 1}
1356,1358,{'weight': 1}
1356,1359,{'weight': 1}
1357,1358,{'weight': 2.33333}
1357,1411,{'weight': 0.333333}
1358,1411,{'weight': 0.333333}
1360,1453,{'weight': 1}
1361,1362,{'weight': 0.333333}
1364,1365,{'weight': 0.25}
1364,1366,{'weight': 0.25}
1364,1367,{'weight': 0.25}
1365,1366,{'weight': 0.25}
1365,1367,{'weight': 0.25}
1366,1367,{'weight': 0.25}
1368,1369,{'weight': 0.2}
1370,1371,{'weight': 1}
1372,1373,{'weight': 1}
1374,1375,{'weight': 0.5}
1374,1376,{'weight': 0.5}
1375,1376,{'weight': 0.5}
1377,1378,{'weight': 0.5}
1384,1385,{'weight': 0.5}
1386,1387,{'weight': 1}
1390,1391,{'weight': 0.5}
1390,1392,{'weight': 0.5}
1391,1392,{'weight': 0.5}
1394,1395,{'weight': 0.142857}
1394,1396,{'weight': 0.142857}
1394,1397,{'weight': 0.142857}
1395,1396,{'weight': 0.142857}
1395,1397,{'weight': 0.142857}
1396,1397,{'weight': 0.142857}
1399,1400,{'weight': 0.25}
1399,1401,{'weight': 0.25}
1399,1402,{'weight': 0.25}
1399,1403,{'weight': 0.25}
1400,1401,{'weight': 0.25}
1400,1402,{'weight': 0.25}
1400,1403,{'weight': 0.25}
1401,1402,{'weight': 0.25}
1401,1403,{'weight': 0.25}
1402,1403,{'weight': 0.25}
1404,1405,{'weight': 0.166667}
1404,1406,{'weight': 0.166667}
1404,1407,{'weight': 0.166667}
1404,1408,{'weight': 0.166667}
1405,1406,{'weight': 0.166667}
1405,1407,{'weight': 0.166667}
1405,1408,{'weight': 0.166667}
1406,1407,{'weight': 0.166667}
1406,1408,{'weight': 0.166667}
1407,1408,{'weight': 0.166667}
1409,1410,{'weight': 0.5}
1413,1414,{'weight': 0.25}
1413,1415,{'weight': 0.25}
1414,1415,{'weight': 0.25}
1416,1417,{'weight': 0.333333}
1420,1421,{'weight': 0.333333}
1420,1422,{'weight': 0.333333}
1420,1423,{'weight': 0.333333}
1421,1422,{'weight': 0.333333}
1421,1423,{'weight': 0.333333}
1422,1423,{'weight': 0.333333}
1424,1425,{'weight': 0.5}
1426,1427,{'weight': 0.5}
1426,1428,{'weight': 0.5}
1427,1428,{'weight': 0.5}
1429,1430,{'weight': 0.385965}
1429,1431,{'weight': 0.385965}
1429,1432,{'weight': 0.0526316}
1429,1433,{'weight': 0.0526316}
1429,1434,{'weight': 0.0526316}
1429,1435,{'weight': 0.0526316}
1429,1436,{'weight': 0.0526316}
1429,1437,{'weight': 0.0526316}
1429,1438,{'weight': 0.0526316}
1429,1439,{'weight': 0.0526316}
1429,1440,{'weight': 0.0526316}
1429,1441,{'weight': 0.0526316}
1429,1442,{'weight': 0.0526316}
1429,1443,{'weight': 0.0526316}
1429,1444,{'weight': 0.0526316}
1429,1445,{'weight': 0.0526316}
1429,1446,{'weight': 0.0526316}
1429,1447,{'weight': 0.0526316}
1429,1448,{'weight': 0.333333}
1430,1431,{'weight': 0.385965}
1430,1432,{'weight': 0.0526316}
1430,1433,{'weight': 0.0526316}
1430,1434,{'weight': 0.0526316}
1430,1435,{'weight': 0.0526316}
1430,1436,{'weight': 0.0526316}
1430,1437,{'weight': 0.0526316}
1430,1438,{'weight': 0.0526316}
1430,1439,{'weight': 0.0526316}
1430,1440,{'weight': 0.0526316}
1430,1441,{'weight': 0.0526316}
1430,1442,{'weight': 0.0526316}
1430,1443,{'weight': 0.0526316}
1430,1444,{'weight': 0.0526316}
1430,1445,{'weight': 0.0526316}
1430,1446,{'weight': 0.0526316}
1430,1447,{'weight': 0.0526316}
1430,1448,{'weight': 0.333333}
1431,1432,{'weight': 0.0526316}
1431,1433,{'weight': 0.0526316}
1431,1434,{'weight': 0.0526316}
1431,1435,{'weight': 0.0526316}
1431,1436,{'weight': 0.0526316}
1431,1437,{'weight': 0.0526316}
1431,1438,{'weight': 0.0526316}
1431,1439,{'weight': 0.0526316}
1431,1440,{'weight': 0.0526316}
1431,1441,{'weight': 0.0526316}
1431,1442,{'weight': 0.0526316}
1431,1443,{'weight': 0.0526316}
1431,1444,{'weight': 0.0526316}
1431,1445,{'weight': 0.0526316}
1431,1446,{'weight': 0.0526316}
1431,1447,{'weight': 0.0526316}
1431,1448,{'weight': 0.333333}
1432,1433,{'weight': 0.0526316}
1432,1434,{'weight': 0.0526316}
1432,1435,{'weight': 0.0526316}
1432,1436,{'weight': 0.0526316}
1432,1437,{'weight': 0.0526316}
1432,1438,{'weight': 0.0526316}
1432,1439,{'weight': 0.0526316}
1432,1440,{'weight': 0.0526316}
1432,1441,{'weight': 0.0526316}
1432,1442,{'weight': 0.0526316}
1432,1443,{'weight': 0.0526316}
1432,1444,{'weight': 0.0526316}
1432,1445,{'weight': 0.0526316}
1432,1446,{'weight': 0.0526316}
1432,1447,{'weight': 0.0526316}
1433,1434,{'weight': 0.0526316}
1433,1435,{'weight': 0.0526316}
1433,1436,{'weight': 0.0526316}
1433,1437,{'weight': 0.0526316}
1433,1438,{'weight': 0.0526316}
1433,1439,{'weight': 0.0526316}
1433,1440,{'weight': 0.0526316}
1433,1441,{'weight': 0.0526316}
1433,1442,{'weight': 0.0526316}
1433,1443,{'weight': 0.0526316}
1433,1444,{'weight': 0.0526316}
1433,1445,{'weight': 0.0526316}
1433,1446,{'weight': 0.0526316}
1433,1447,{'weight': 0.0526316}
1434,1435,{'weight': 0.0526316}
1434,1436,{'weight': 0.0526316}
1434,1437,{'weight': 0.0526316}
1434,1438,{'weight': 0.0526316}
1434,1439,{'weight': 0.0526316}
1434,1440,{'weight': 0.0526316}
1434,1441,{'weight': 0.0526316}
1434,1442,{'weight': 0.0526316}
1434,1443,{'weight': 0.0526316}
1434,1444,{'weight': 0.0526316}
1434,1445,{'weight': 0.0526316}
1434,1446,{'weight': 0.0526316}
1434,1447,{'weight': 0.0526316}
1435,1436,{'weight': 0.0526316}
1435,1437,{'weight': 0.0526316}
1435,1438,{'weight': 0.0526316}
1435,1439,{'weight': 0.0526316}
1435,1440,{'weight': 0.0526316}
1435,1441,{'weight': 0.0526316}
1435,1442,{'weight': 0.0526316}
1435,1443,{'weight': 0.0526316}
1435,1444,{'weight': 0.0526316}
1435,1445,{'weight': 0.0526316}
1435,1446,{'weight': 0.0526316}
1435,1447,{'weight': 0.0526316}
1436,1437,{'weight': 0.0526316}
1436,1438,{'weight': 0.0526316}
1436,1439,{'weight': 0.0526316}
1436,1440,{'weight': 0.0526316}
1436,1441,{'weight': 0.0526316}
1436,1442,{'weight': 0.0526316}
1436,1443,{'weight': 0.0526316}
1436,1444,{'weight': 0.0526316}
1436,1445,{'weight': 0.0526316}
1436,1446,{'weight': 0.0526316}
1436,1447,{'weight': 0.0526316}
1437,1438,{'weight': 0.0526316}
1437,1439,{'weight': 0.0526316}
1437,1440,{'weight': 0.0526316}
1437,1441,{'weight': 0.0526316}
1437,1442,{'weight': 0.0526316}
1437,1443,{'weight': 0.0526316}
1437,1444,{'weight': 0.0526316}
1437,1445,{'weight': 0.0526316}
1437,1446,{'weight': 0.0526316}
1437,1447,{'weight': 0.0526316}
1438,1439,{'weight': 0.0526316}
1438,1440,{'weight': 0.0526316}
1438,1441,{'weight': 0.0526316}
1438,1442,{'weight': 0.0526316}
1438,1443,{'weight': 0.0526316}
1438,1444,{'weight': 0.0526316}
1438,1445,{'weight': 0.0526316}
1438,1446,{'weight': 0.0526316}
1438,1447,{'weight': 0.0526316}
1439,1440,{'weight': 0.0526316}
1439,1441,{'weight': 0.0526316}
1439,1442,{'weight': 0.0526316}
1439,1443,{'weight': 0.0526316}
1439,1444,{'weight': 0.0526316}
1439,1445,{'weight': 0.0526316}
1439,1446,{'weight': 0.0526316}
1439,1447,{'weight': 0.0526316}
1440,1441,{'weight': 0.0526316}
1440,1442,{'weight': 0.0526316}
1440,1443,{'weight': 0.0526316}
1440,1444,{'weight': 0.0526316}
1440,1445,{'weight': 0.0526316}
1440,1446,{'weight': 0.0526316}
1440,1447,{'weight': 0.0526316}
1441,1442,{'weight': 0.0526316}
1441,1443,{'weight': 0.0526316}
1441,1444,{'weight': 0.0526316}
1441,1445,{'weight': 0.0526316}
1441,1446,{'weight': 0.0526316}
1441,1447,{'weight': 0.0526316}
1442,1443,{'weight': 0.0526316}
1442,1444,{'weight': 0.0526316}
1442,1445,{'weight': 0.0526316}
1442,1446,{'weight': 0.0526316}
1442,1447,{'weight': 0.0526316}
1443,1444,{'weight': 0.0526316}
1443,1445,{'weight': 0.0526316}
1443,1446,{'weight': 0.0526316}
1443,1447,{'weight': 0.0526316}
1444,1445,{'weight': 0.0526316}
1444,1446,{'weight': 0.0526316}
1444,1447,{'weight': 0.0526316}
1445,1446,{'weight': 0.0526316}
1445,1447,{'weight': 0.0526316}
1446,1447,{'weight': 0.0526316}
1449,1450,{'weight': 1}
1456,1457,{'weight': 0.333333}
1456,1458,{'weight': 0.333333}
1456,1459,{'weight': 0.333333}
1457,1458,{'weight': 0.333333}
1457,1459,{'weight': 0.333333}
1458,1459,{'weight': 0.333333}
1464,1465,{'weight': 0.2}
1464,1466,{'weight': 0.2}
1464,1467,{'weight': 0.2}
1465,1466,{'weight': 0.2}
1465,1467,{'weight': 0.2}
1466,1467,{'weight': 0.2}
1468,1469,{'weight': 0.25}
1468,1470,{'weight': 0.25}
1469,1470,{'weight': 0.25}
1471,1472,{'weight': 0.5}
1471,1473,{'weight': 0.5}
1472,1473,{'weight': 0.5}
1474,1475,{'weight': 0.5}
1474,1476,{'weight': 0.5}
1475,1476,{'weight': 0.5}
1477,1478,{'weight': 0.5}
1479,1480,{'weight': 1}
1481,1482,{'weight': 0.5}
1483,1484,{'weight': 0.5}
1483,1485,{'weight': 0.5}
1484,1485,{'weight': 0.5}
1486,1487,{'weight': 1}
1488,1489,{'weight': 0.5}
1491,1492,{'weight': 1}
1491,1493,{'weight': 0.25}
1491,1540,{'weight': 0.25}
1491,1541,{'weight': 0.25}
1491,1542,{'weight': 0.25}
1493,1494,{'weight': 1}
1493,1540,{'weight': 0.25}
1493,1541,{'weight': 0.25}
1493,1542,{'weight': 0.25}
1495,1496,{'weight': 1}
1500,1501,{'weight': 0.25}
1500,1502,{'weight': 0.25}
1500,1503,{'weight': 0.25}
1501,1502,{'weight': 0.25}
1501,1503,{'weight': 0.25}
1502,1503,{'weight': 0.25}
1504,1505,{'weight': 0.2}
1504,1506,{'weight': 0.2}
1504,1507,{'weight': 0.2}
1504,1508,{'weight': 0.2}
1504,1509,{'weight': 0.2}
1504,1514,{'weight': 0.5}
1505,1506,{'weight': 0.2}
1505,1507,{'weight': 0.2}
1505,1508,{'weight': 0.2}
1505,1509,{'weight': 0.2}
1506,1507,{'weight': 0.2}
1506,1508,{'weight': 0.2}
1506,1509,{'weight': 0.2}
1507,1508,{'weight': 0.2}
1507,1509,{'weight': 0.2}
1508,1509,{'weight': 0.2}
1511,1512,{'weight': 0.5}
1511,1513,{'weight': 0.5}
1512,1513,{'weight': 0.5}
1515,1516,{'weight': 0.333333}
1515,1517,{'weight': 0.333333}
1516,1517,{'weight': 0.333333}
1518,1519,{'weight': 0.25}
1518,1520,{'weight': 0.25}
1519,1520,{'weight': 0.25}
1522,1523,{'weight': 1}
1525,1526,{'weight': 1}
1530,1531,{'weight': 1}
1533,1534,{'weight': 0.2}
1533,1535,{'weight': 0.2}
1534,1535,{'weight': 0.2}
1537,1538,{'weight': 0.5}
1537,1539,{'weight': 0.5}
1538,1539,{'weight': 0.5}
1540,1541,{'weight': 0.25}
1540,1542,{'weight': 0.25}
1541,1542,{'weight': 0.25}
1543,1544,{'weight': 1}
1545,1546,{'weight': 0.333333}
1545,1547,{'weight': 0.333333}
1545,1548,{'weight': 0.333333}
1546,1547,{'weight': 0.333333}
1546,1548,{'weight': 0.333333}
1547,1548,{'weight': 0.333333}
1550,1551,{'weight': 0.333333}
1553,1554,{'weight': 0.333333}
1553,1555,{'weight': 0.333333}
1554,1555,{'weight': 0.333333}
1556,1557,{'weight': 0.333333}
1556,1558,{'weight': 0.333333}
1557,1558,{'weight': 0.333333}
1560,1561,{'weight': 0.333333}
1562,1563,{'weight': 0.142857}
1562,1564,{'weight': 0.142857}
1562,1565,{'weight': 0.142857}
1562,1566,{'weight': 0.142857}
1562,1567,{'weight': 0.142857}
1563,1564,{'weight': 0.142857}
1563,1565,{'weight': 0.142857}
1563,1566,{'weight': 0.142857}
1563,1567,{'weight': 0.142857}
1564,1565,{'weight': 0.142857}
1564,1566,{'weight': 0.142857}
1564,1567,{'weight': 0.142857}
1565,1566,{'weight': 0.142857}
1565,1567,{'weight': 0.142857}
1566,1567,{'weight': 0.142857}
1568,1569,{'weight': 1}
1570,1571,{'weight': 0.2}
1570,1572,{'weight': 0.2}
1570,1573,{'weight': 0.2}
1571,1572,{'weight': 0.2}
1571,1573,{'weight': 0.2}
1572,1573,{'weight': 0.2}
1575,1576,{'weight': 0.333333}
1575,1577,{'weight': 0.333333}
1575,1578,{'weight': 0.333333}
1576,1577,{'weight': 0.333333}
1576,1578,{'weight': 0.333333}
1577,1578,{'weight': 0.333333}
1580,1581,{'weight': 1}
1583,1584,{'weight': 1}
1585,1586,{'weight': 1}
1585,1587,{'weight': 1}
