Myriel,Napoleon
Myriel,MlleBaptistine
Myriel,MmeMagloire
Myriel,CountessDeLo
Myriel,Geborand
Myriel,Champtercier
Myriel,Cravatte
Myriel,Count
Myriel,OldMan
Myriel,Valjean
MlleBaptistine,MmeMagloire
MlleBaptistine,Valjean
MmeMagloire,Valjean
Valjean,Labarre
Valjean,Marguerite
Valjean,MmeDeR
Valjean,Isabeau
Valjean,Gervais
Valjean,Fantine
Valjean,MmeThenardier
Valjean,Thenardier
Valjean,Cosette
Valjean,Javert
Valjean,Fauchelevent
Valjean,Bamatabois
Valjean,Simplice
Valjean,Scaufflaire
Valjean,Woman1
Valjean,Judge
Valjean,Champmathieu
Valjean,Brevet
Valjean,Chenildieu
Valjean,Cochepaille
Valjean,Woman2
Valjean,MotherInnocent
Valjean,Gavroche
Valjean,Gillenormand
Valjean,MlleGillenormand
Valjean,Marius
Valjean,Enjolras
Valjean,Bossuet
Valjean,Gueulemer
Valjean,Babet
Valjean,Claquesous
Valjean,Montparnasse
Valjean,Toussaint
Marguerite,Fantine
Fantine,Tholomyes
Fantine,Listolier
Fantine,Fameuil
Fantine,Blacheville
Fantine,Favourite
Fantine,Dahlia
Fantine,Zephine
Fantine,MmeThenardier
Fantine,Thenardier
Fantine,Javert
Fantine,Bamatabois
Fantine,Perpetue
Fantine,Simplice
MmeThenardier,Thenardier
MmeThenardier,Cosette
MmeThenardier,Javert
MmeThenardier,Eponine
MmeThenardier,Anzelma
MmeThenardier,Magnon
MmeThenardier,Gueulemer
MmeThenardier,Babet
MmeThenardier,Claquesous
Thenardier,Cosette
Thenardier,Javert
Thenardier,Pontmercy
Thenardier,Boulatruelle
Thenardier,Eponine
Thenardier,Anzelma
Thenardier,Gavroche
Thenardier,Marius
Thenardier,Gueulemer
Thenardier,Babet
Thenardier,Claquesous
Thenardier,Montparnasse
Thenardier,Brujon
Cosette,Tholomyes
Cosette,Javert
Cosette,Woman2
Cosette,Gillenormand
Cosette,MlleGillenormand
Cosette,LtGillenormand
Cosette,Marius
Cosette,Toussaint
Javert,Fauchelevent
Javert,Bamatabois
Javert,Simplice
Javert,Woman1
Javert,Woman2
Javert,Gavroche
Javert,Enjolras
Javert,Gueulemer
Javert,Babet
Javert,Claquesous
Javert,Montparnasse
Javert,Toussaint
Fauchelevent,MotherInnocent
Fauchelevent,Gribier
Bamatabois,Judge
Bamatabois,Champmathieu
Bamatabois,Brevet
Bamatabois,Chenildieu
Bamatabois,Cochepaille
Simplice,Perpetue
Judge,Champmathieu
Judge,Brevet
Judge,Chenildieu
Judge,Cochepaille
Champmathieu,Brevet
Champmathieu,Chenildieu
Champmathieu,Cochepaille
Brevet,Chenildieu
Brevet,Cochepaille
Chenildieu,Cochepaille
Gavroche,MmeBurgon
Gavroche,Marius
Gavroche,Mabeuf
Gavroche,Enjolras
Gavroche,Combeferre
Gavroche,Prouvaire
Gavroche,Feuilly
Gavroche,Courfeyrac
Gavroche,Bahorel
Gavroche,Bossuet
Gavroche,Joly
Gavroche,Grantaire
Gavroche,Gueulemer
Gavroche,Babet
Gavroche,Montparnasse
Gavroche,Child1
Gavroche,Child2
Gavroche,Brujon
Gavroche,MmeHucheloup
Gillenormand,Magnon
Gillenormand,MlleGillenormand
Gillenormand,LtGillenormand
Gillenormand,Marius
Gillenormand,BaronessT
MlleGillenormand,MmePontmercy
MlleGillenormand,MlleVaubois
MlleGillenormand,LtGillenormand
MlleGillenormand,Marius
Marius,Tholomyes
Marius,Pontmercy
Marius,Eponine
Marius,LtGillenormand
Marius,BaronessT
Marius,Mabeuf
Marius,Enjolras
Marius,Combeferre
Marius,Feuilly
Marius,Courfeyrac
Marius,Bahorel
Marius,Bossuet
Marius,Joly
Enjolras,Mabeuf
Enjolras,Combeferre
Enjolras,Prouvaire
Enjolras,Feuilly
Enjolras,Courfeyrac
Enjolras,Bahorel
Enjolras,Bossuet
Enjolras,Joly
Enjolras,Grantaire
Enjolras,Claquesous
Enjolras,MmeHucheloup
Bossuet,Mabeuf
Bossuet,Combeferre
Bossuet,Prouvaire
Bossuet,Feuilly
Bossuet,Courfeyrac
Bossuet,Bahorel
Bossuet,Joly
Bossuet,Grantaire
Bossuet,MmeHucheloup
Gueulemer,Eponine
Gueulemer,Babet
Gueulemer,Claquesous
Gueulemer,Montparnasse
Gueulemer,Brujon
Babet,Eponine
Babet,Claquesous
Babet,Montparnasse
Babet,Brujon
Claquesous,Eponine
Claquesous,Montparnasse
Claquesous,Brujon
Montparnasse,Eponine
Montparnasse,Brujon
Tholomyes,Listolier
Tholomyes,Fameuil
Tholomyes,Blacheville
Tholomyes,Favourite
Tholomyes,Dahlia
Tholomyes,Zephine
Listolier,Fameuil
Listolier,Blacheville
Listolier,Favourite
Listolier,Dahlia
Listolier,Zephine
Fameuil,Blacheville
Fameuil,Favourite
Fameuil,Dahlia
Fameuil,Zephine
Blacheville,Favourite
Blacheville,Dahlia
Blacheville,Zephine
Favourite,Dahlia
Favourite,Zephine
Dahlia,Zephine
Eponine,Anzelma
Eponine,Mabeuf
Eponine,Courfeyrac
Eponine,Brujon
Pontmercy,MmePontmercy
Mabeuf,Combeferre
Mabeuf,Feuilly
Mabeuf,Courfeyrac
Mabeuf,Bahorel
Mabeuf,Joly
Mabeuf,MotherPlutarch
Courfeyrac,Combeferre
Courfeyrac,Prouvaire
Courfeyrac,Feuilly
Courfeyrac,Bahorel
Courfeyrac,Joly
Courfeyrac,Grantaire
Courfeyrac,MmeHucheloup
Jondrette,MmeBurgon
Combeferre,Prouvaire
Combeferre,Feuilly
Combeferre,Bahorel
Combeferre,Joly
Combeferre,Grantaire
Prouvaire,Feuilly
Prouvaire,Bahorel
Prouvaire,Joly
Prouvaire,Grantaire
Feuilly,Bahorel
Feuilly,Joly
Feuilly,Grantaire
Bahorel,Joly
Bahorel,Grantaire
Bahorel,MmeHucheloup
Joly,Grantaire
Joly,MmeHucheloup
Grantaire,MmeHucheloup
Child1,Child2
